{
  "project_info": {
    "project_number": "1054870562797",
    "firebase_url": "https://protituloproduccion-11e16.firebaseio.com",
    "project_id": "protituloproduccion-11e16",
    "storage_bucket": "protituloproduccion-11e16.appspot.com"
  },
  "client": [
    {
      "client_info": {
        "mobilesdk_app_id": "1:1054870562797:android:cb58898966a384499ae9e4",
        "android_client_info": {
          "package_name": "com.neomi.protitulo"
        }
      },
      "oauth_client": [
        {
          "client_id": "1054870562797-qgh2blk3eemsvovoihfuafi0c2aj878g.apps.googleusercontent.com",
          "client_type": 3
        }
      ],
      "api_key": [
        {
          "current_key": "AIzaSyAJzVHOSku_JckT43zXV0jjHEjahZVN8V0"
        }
      ],
      "services": {
        "appinvite_service": {
          "other_platform_oauth_client": [
            {
              "client_id": "1054870562797-qgh2blk3eemsvovoihfuafi0c2aj878g.apps.googleusercontent.com",
              "client_type": 3
            }
          ]
        }
      }
    }
  ],
  "configuration_version": "1"
}