S.No;uid;$key;longitud;latitud;altura;velocidad;CantSat;azimuth;actividad;confianza;Y;X;Z;postionDop;horizontalDop;verticalDop;geoidHeight;dia;Fecha&Hora;hora
1;JTxR78SdpobHap7hzp3AZcynJtU2;#¨NOMBRE?;-71,5417937;-33,0133673;0;0;0;208;Still;100%;-0,11730957;-0,405212402;9,747390747;undefined;undefined;undefined;undefined;Sat;16 oct. 2019 19:32:21; 19:32:21
2;JTxR78SdpobHap7hzp3AZcynJtU2;#¨NOMBRE?;-71,5421647;-33,0130841;0;0;14;208;Still;100%;-41,59851074;22,10235596;1,522827148;undefined;undefined;;undefined;Sat;16 oct. 2019 19:32:31; 19:32:31
3;JTxR78SdpobHap7hzp3AZcynJtU2;#¨NOMBRE?;-71,5417937;-33,0130276;0;0;14;207;Still;100%;-0,111923218;-0,401031494;9,731826782;undefined;undefined;;undefined;Sat;16 oct. 2019 19:32:41; 19:32:41
4;JTxR78SdpobHap7hzp3AZcynJtU2;#¨NOMBRE?;-71,5443903;-33,0154619;0;0;14;27;Still;100%;12,60070801;12,82501221;-8,23059082;undefined;undefined;;undefined;Sat;16 oct. 2019 19:32:51; 19:32:51
5;JTxR78SdpobHap7hzp3AZcynJtU2;-LprwdwTcTfFj0-4PRYM;-71,5399345;-33,0168627;50,7;0;14;227;Still;100%;-2,438354492;-14,61639404;10,1776123;undefined;undefined;;undefined;Sat;16 oct. 2019 19:33:01; 19:33:01
6;JTxR78SdpobHap7hzp3AZcynJtU2;#¨NOMBRE?;-71,5417105;-33,0242503;50,7;0;15;174;Still;100%;-7,125854492;-9,831237793;9,902954102;undefined;undefined;;undefined;Sat;16 oct. 2019 19:33:11; 19:33:11
7;JTxR78SdpobHap7hzp3AZcynJtU2;#¨NOMBRE?;-71,5396532;-33,0251987;50,7;0;0;177;undefined;undefined;4,87399292;-5,803543091;6,224319458;undefined;undefined;undefined;undefined;Sat;16 oct. 2019 19:33:21; 19:33:21
8;JTxR78SdpobHap7hzp3AZcynJtU2;#¨NOMBRE?;-71,5391008;-33,0258059;50,7;0;0;147;undefined;undefined;6,706161499;-0,846954346;5,951980591;undefined;undefined;;undefined;Sat;16 oct. 2019 19:33:31; 19:33:31
9;JTxR78SdpobHap7hzp3AZcynJtU2;-LprweeVlb-4FPMUTzH2;-71,5381186;-33,0264933;50,7;0;0;146;undefined;undefined;6,707351685;-0,847549438;6,121368408;undefined;undefined;;undefined;Sat;16 oct. 2019 19:33:41; 19:33:41
10;JTxR78SdpobHap7hzp3AZcynJtU2;#¨NOMBRE?;-71,5368883;-33,0275755;50,7;20,16;24;136;undefined;undefined;-4,977416992;-11,10076904;14,57366943;undefined;1,3;1;33,6;Sat;16 oct. 2019 19:33:51; 19:33:51
11;JTxR78SdpobHap7hzp3AZcynJtU2;#¨NOMBRE?;-71,5355855;-33,0286558;50,4;11,4;24;136;undefined;undefined;3,898956299;-0,800262451;8,646652222;undefined;1,3;1;33,6;Sat;16 oct. 2019 19:34:01; 19:34:01
12;JTxR78SdpobHap7hzp3AZcynJtU2;#¨NOMBRE?;-71,5335851;-33,0300077;50,4;11,4;24;137;Still;100%;3,881607056;-0,780502319;8,907028198;undefined;1,3;1;33,6;Sat;16 oct. 2019 19:34:11; 19:34:11
13;JTxR78SdpobHap7hzp3AZcynJtU2;#¨NOMBRE?;-71,5325157;-33,030782;95,4;0;24;103;undefined;undefined;-4,977416992;-2,507019043;-50,81634521;undefined;1,3;1;33,6;Sat;16 oct. 2019 19:34:21; 19:34:21
14;JTxR78SdpobHap7hzp3AZcynJtU2;#¨NOMBRE?;-71,5311188;-33,0321028;41,4;0;24;75;undefined;undefined;-14,05944824;-38,73748779;-40,23895264;undefined;1,3;;33,6;Sat;16 oct. 2019 19:34:31; 19:34:31
15;JTxR78SdpobHap7hzp3AZcynJtU2;#¨NOMBRE?;-71,5320176;-33,0327895;41,4;0;24;65;Still;100%;-14,15710449;-38,44451904;-39,27764893;undefined;1,3;;33,6;Sat;16 oct. 2019 19:34:41; 19:34:41
16;JTxR78SdpobHap7hzp3AZcynJtU2;#¨NOMBRE?;-71,5323652;-33,0331572;39,4;0;16;80;undefined;undefined;-14,05944824;-35,80780029;-38,58947754;undefined;1;0,8;33,6;Sat;16 oct. 2019 19:34:51; 19:34:51
17;JTxR78SdpobHap7hzp3AZcynJtU2;#¨NOMBRE?;-71,5323536;-33,0331453;39,4;0;16;69;In Vehicle;97%;-14,64538574;-36,39373779;-39,14031982;undefined;1;0,8;33,6;Sat;16 oct. 2019 19:35:01; 19:35:01
18;JTxR78SdpobHap7hzp3AZcynJtU2;#¨NOMBRE?;-71,5323549;-33,033145;39,4;58,5;15;63;undefined;undefined;6,952758789;0,07421875;6,525390625;undefined;1;0,8;33,6;Sat;16 oct. 2019 19:35:11; 19:35:11
19;JTxR78SdpobHap7hzp3AZcynJtU2;-Lpry5QBJ3-20PHMLo3D;-71,5322421;-33,0335548;39,4;58,5;15;63;Still;100%;8,989028931;-0,733230591;4,847061157;undefined;1;0,8;33,6;Sat;16 oct. 2019 19:35:21; 19:35:21
20;JTxR78SdpobHap7hzp3AZcynJtU2;#¨NOMBRE?;-71,5318146;-33,0344124;39,4;58,5;15;62;In Vehicle;97%;-13,57116699;-36,58905029;-37,62817383;undefined;1;0,8;33,6;Sat;16 oct. 2019 19:35:31; 19:35:31
21;JTxR78SdpobHap7hzp3AZcynJtU2;#¨NOMBRE?;-71,5316487;-33,0346491;39,4;83,04;14;70;undefined;undefined;-14,05944824;-34,83123779;-33,91876221;undefined;1;0,9;33,6;Sat;16 oct. 2019 19:35:41; 19:35:41
22;JTxR78SdpobHap7hzp3AZcynJtU2;#¨NOMBRE?;-71,5312806;-33,0346715;39,4;83,04;14;79;In Vehicle;97%;-15,71960449;-34,63592529;-35,70556641;undefined;1;0,9;33,6;Sat;16 oct. 2019 19:35:51; 19:35:51
23;JTxR78SdpobHap7hzp3AZcynJtU2;#¨NOMBRE?;-71,5312848;-33,0346866;42,7;89,28;25;71;undefined;undefined;6,381744385;-0,701507568;5,652709961;undefined;0,9;0,9;33,6;Sat;16 oct. 2019 19:36:01; 19:36:01
24;JTxR78SdpobHap7hzp3AZcynJtU2;#¨NOMBRE?;-71,5312743;-33,0346834;42,7;89,28;25;78;Still;100%;7,513000488;-1,820785522;6,347625732;undefined;0,9;0,9;33,6;Sat;16 oct. 2019 19:36:10; 19:36:10
25;JTxR78SdpobHap7hzp3AZcynJtU2;#¨NOMBRE?;-71,5312932;-33,0347679;42,7;89,28;25;81;In Vehicle;97%;-14,45007324;-36,49139404;-35,84289551;undefined;0,9;0,9;33,6;Sat;16 oct. 2019 19:36:21; 19:36:21
26;JTxR78SdpobHap7hzp3AZcynJtU2;#¨NOMBRE?;-71,5312979;-33,0347735;41,1;80,76;16;48;undefined;undefined;-15,62194824;-36,29608154;-39,68963623;undefined;1;0,8;33,6;Sat;16 oct. 2019 19:36:31; 19:36:31
27;JTxR78SdpobHap7hzp3AZcynJtU2;#¨NOMBRE?;-71,5312526;-33,0348017;41,1;89,88;25;77;undefined;undefined;-13,86413574;-36,58905029;-37,49084473;undefined;0,9;0,8;33,6;Sat;16 oct. 2019 19:36:41; 19:36:41
28;JTxR78SdpobHap7hzp3AZcynJtU2;#¨NOMBRE?;-71,5312493;-33,0348005;41,1;89,88;25;65;Still;100%;-14,54772949;-36,00311279;-38,72680664;undefined;0,9;0,8;33,6;Sat;16 oct. 2019 19:36:51; 19:36:51
29;JTxR78SdpobHap7hzp3AZcynJtU2;#¨NOMBRE?;-71,5312801;-33,0347473;42;60,78;16;82;undefined;undefined;4,434661865;0,659606934;9,923965454;undefined;1;0,8;33,6;Sat;16 oct. 2019 19:37:01; 19:37:01
30;JTxR78SdpobHap7hzp3AZcynJtU2;-LpryK-1cvVXb9WOe0dn;-71,53127;-33,034751;42;60,78;16;66;Still;100%;7,275985718;-0,473449707;6,677429199;undefined;1;0,8;33,6;Sat;16 oct. 2019 19:37:11; 19:37:11
31;JTxR78SdpobHap7hzp3AZcynJtU2;#¨NOMBRE?;-71,5307269;-33,0350767;63,8;3,18;15;80;undefined;undefined;7,423828125;-1,628662109;5,158309937;undefined;1,1;0,9;33,6;Sat;16 oct. 2019 19:37:21; 19:37:21
32;JTxR78SdpobHap7hzp3AZcynJtU2;#¨NOMBRE?;-71,5314298;-33,0350938;63,8;3,18;15;81;Still;100%;9,176376343;-1,132461548;2,298431396;undefined;1,1;0,9;33,6;Sat;16 oct. 2019 19:37:31; 19:37:31
33;JTxR78SdpobHap7hzp3AZcynJtU2;#¨NOMBRE?;-71,5319486;-33,0350407;63,8;3,18;15;76;In Vehicle;97%;-13,96179199;-45,86639404;-37,62817383;undefined;1,1;0,9;33,6;Sat;16 oct. 2019 19:37:41; 19:37:41
34;JTxR78SdpobHap7hzp3AZcynJtU2;#¨NOMBRE?;-71,5319908;-33,0350919;42,1;41,34;11;69;undefined;undefined;6,598419189;0,084396362;7,129333496;undefined;1;;33,6;Sat;16 oct. 2019 19:37:51; 19:37:51
35;JTxR78SdpobHap7hzp3AZcynJtU2;#¨NOMBRE?;-71,5322619;-33,0359166;42,1;41,34;11;69;Still;100%;-13,08288574;-35,61248779;-33,0947876;undefined;1;;33,6;Sat;16 oct. 2019 19:38:01; 19:38:01
36;JTxR78SdpobHap7hzp3AZcynJtU2;#¨NOMBRE?;-71,5313417;-33,0360269;42,1;24,66;14;41;undefined;undefined;-12,88757324;-18,13201904;-33,644104;undefined;0,8;0,7;33,6;Sat;16 oct. 2019 19:38:11; 19:38:11
37;JTxR78SdpobHap7hzp3AZcynJtU2;-LpryVxJSM2EalFKXT-f;-71,5304283;-33,037209;42,1;24,66;14;42;Still;100%;6,882736206;0,372894287;6,11239624;undefined;0,8;0,7;33,6;Sat;16 oct. 2019 19:38:21; 19:38:21
38;JTxR78SdpobHap7hzp3AZcynJtU2;#¨NOMBRE?;-71,5307242;-33,0376715;43,9;48,18;14;56;undefined;undefined;-15,71960449;-13,15155029;-36,25488281;undefined;1;0,8;33,6;Sat;16 oct. 2019 19:38:31; 19:38:31
39;JTxR78SdpobHap7hzp3AZcynJtU2;#¨NOMBRE?;-71,5307361;-33,0376616;43,9;48,18;14;57;Still;100%;-16,01257324;-13,34686279;-36,39221191;undefined;1;0,8;33,6;Sat;16 oct. 2019 19:38:41; 19:38:41
40;JTxR78SdpobHap7hzp3AZcynJtU2;#¨NOMBRE?;-71,5305544;-33,0376991;43,9;2,46;24;41;undefined;undefined;-15,03601074;-11,68670654;-37,76550293;undefined;0,8;0,7;33,6;Sat;16 oct. 2019 19:38:51; 19:38:51
41;JTxR78SdpobHap7hzp3AZcynJtU2;#¨NOMBRE?;-71,5306524;-33,0376652;43,9;2,46;24;46;In Vehicle;97%;7,091033936;-0,987014771;6,375167847;undefined;0,8;0,7;33,6;Sat;16 oct. 2019 19:39:01; 19:39:01
42;JTxR78SdpobHap7hzp3AZcynJtU2;#¨NOMBRE?;-71,5305967;-33,0376408;43,9;0,66;27;46;undefined;undefined;7,074264526;-0,927749634;6,454772949;undefined;1,1;0,8;33,6;Sat;16 oct. 2019 19:39:11; 19:39:11
43;JTxR78SdpobHap7hzp3AZcynJtU2;#¨NOMBRE?;-71,5305962;-33,0376405;43,9;0,66;27;43;Still;100%;-15,71960449;-11,58905029;-38,17749023;undefined;1,1;0,8;33,6;Sat;16 oct. 2019 19:39:21; 19:39:21
44;JTxR78SdpobHap7hzp3AZcynJtU2;#¨NOMBRE?;-71,5419557;-33,0266239;43,9;0,66;27;42;In Vehicle;98%;-15,62194824;-11,68670654;-38,31481934;undefined;1,1;0,8;33,6;Sat;16 oct. 2019 19:39:31; 19:39:31
45;JTxR78SdpobHap7hzp3AZcynJtU2;#¨NOMBRE?;-71,5419567;-33,026626;44,2;0,6;26;39;undefined;undefined;7,170639038;-0,784103394;6,22492981;undefined;1;0,8;33,6;Sat;16 oct. 2019 19:39:41; 19:39:41
46;JTxR78SdpobHap7hzp3AZcynJtU2;#¨NOMBRE?;-71,5419571;-33,0266272;44,2;0,6;26;41;Still;100%;-14,15710449;-10,90545654;-39,27764893;undefined;1;0,8;33,6;Sat;16 oct. 2019 19:39:51; 19:39:51
47;JTxR78SdpobHap7hzp3AZcynJtU2;#¨NOMBRE?;-71,5415722;-33,0266691;44,2;0,6;26;42;Still;100%;7,019805908;-0,882858276;6,514022827;undefined;1;0,8;33,6;Sat;16 oct. 2019 19:40:01; 19:40:01
48;JTxR78SdpobHap7hzp3AZcynJtU2;#¨NOMBRE?;-71,5406956;-33,0268117;43,9;0,66;25;42;undefined;undefined;7,047927856;-0,649429321;6,596618652;undefined;0,9;0,8;33,6;Sat;16 oct. 2019 19:40:11; 19:40:11
49;JTxR78SdpobHap7hzp3AZcynJtU2;#¨NOMBRE?;-71,539793;-33,0269335;43,9;0,66;25;41;Still;100%;7,183197021;-0,757766724;6,34703064;undefined;0,9;0,8;33,6;Sat;16 oct. 2019 19:40:21; 19:40:21
50;JTxR78SdpobHap7hzp3AZcynJtU2;#¨NOMBRE?;-71,5396028;-33,0269513;43,9;0,66;25;43;Still;100%;-15,62194824;-11,58905029;-38,31481934;undefined;0,9;0,8;33,6;Sat;16 oct. 2019 19:40:31; 19:40:31
51;JTxR78SdpobHap7hzp3AZcynJtU2;#¨NOMBRE?;-71,5388462;-33,0262392;43,9;0,12;25;24;undefined;undefined;-10,64147949;-10,41717529;-35,4309082;undefined;1;0,8;33,6;Sat;16 oct. 2019 19:40:41; 19:40:41
52;JTxR78SdpobHap7hzp3AZcynJtU2;#¨NOMBRE?;-71,5382738;-33,0264145;43,9;0,12;25;65;Still;100%;6,287765503;-1,377258301;11,81419373;undefined;1;0,8;33,6;Sat;16 oct. 2019 19:40:51; 19:40:51
53;JTxR78SdpobHap7hzp3AZcynJtU2;#¨NOMBRE?;-71,5372918;-33,0272064;43,9;0,12;25;63;In Vehicle;96%;7,519592285;-2,652175903;9,995193481;undefined;1;0,8;33,6;Sat;16 oct. 2019 19:41:01; 19:41:01
54;JTxR78SdpobHap7hzp3AZcynJtU2;#¨NOMBRE?;-71,536232;-33,0280974;44,7;33,78;25;82;undefined;undefined;6,86895752;-2,286468506;5,895721436;undefined;1;0,9;33,6;Sat;16 oct. 2019 19:41:11; 19:41:11
55;JTxR78SdpobHap7hzp3AZcynJtU2;#¨NOMBRE?;-71,5356806;-33,0285545;44,7;33,78;25;81;Still;100%;7,950546265;-2,223617554;4,598068237;undefined;1;0,9;33,6;Sat;16 oct. 2019 19:41:21; 19:41:21
56;JTxR78SdpobHap7hzp3AZcynJtU2;#¨NOMBRE?;-71,5337943;-33,0299016;44,7;41,82;16;71;Still;100%;7,126937866;-1,207870483;6,248260498;undefined;1,1;0,9;33,6;Sat;16 oct. 2019 19:41:31; 19:41:31
57;JTxR78SdpobHap7hzp3AZcynJtU2;#¨NOMBRE?;-71,5327746;-33,0306507;44,7;41,82;16;71;undefined;undefined;6,885131836;-1,082183838;6,709747314;undefined;1,1;0,9;33,6;Sat;16 oct. 2019 19:41:41; 19:41:41
58;JTxR78SdpobHap7hzp3AZcynJtU2;#¨NOMBRE?;-71,5307074;-33,0321488;46,2;16,8;15;71;undefined;undefined;7,155670166;-1,23840332;6,202774048;undefined;1,1;0,9;33,6;Sat;16 oct. 2019 19:41:51; 19:41:51
59;JTxR78SdpobHap7hzp3AZcynJtU2;#¨NOMBRE?;-71,5294829;-33,0329383;46,2;16,8;15;71;Still;100%;-13,96179199;-36,29608154;-39,27764893;undefined;1,1;0,9;33,6;Sat;16 oct. 2019 19:42:01; 19:42:01
60;JTxR78SdpobHap7hzp3AZcynJtU2;#¨NOMBRE?;-71,5283078;-33,0336735;46,2;16,8;15;72;In Vehicle;96%;6,943191528;-1,209671021;6,438613892;undefined;1,1;0,9;33,6;Sat;16 oct. 2019 19:42:11; 19:42:11
61;JTxR78SdpobHap7hzp3AZcynJtU2;#¨NOMBRE?;-71,5269348;-33,0345503;46,2;21,42;14;72;Still;100%;6,714538574;-0,645233154;7,009628296;undefined;1,1;0,8;33,6;Sat;16 oct. 2019 19:42:21; 19:42:21
62;JTxR78SdpobHap7hzp3AZcynJtU2;#¨NOMBRE?;-71,5257715;-33,0354147;46,2;21,42;14;72;undefined;undefined;-15,13366699;-36,88201904;-37,62817383;undefined;1,1;0,8;33,6;Sat;16 oct. 2019 19:42:31; 19:42:31
63;JTxR78SdpobHap7hzp3AZcynJtU2;#¨NOMBRE?;-71,5241308;-33,0346728;47;21,42;16;65;undefined;undefined;-11,71569824;-40,10467529;-36,94152832;undefined;1;0,8;33,6;Sat;16 oct. 2019 19:42:41; 19:42:41
64;JTxR78SdpobHap7hzp3AZcynJtU2;#¨NOMBRE?;-71,5237785;-33,0348483;47;21,42;16;65;Still;100%;7,240066528;-0,153823853;6,452377319;undefined;1;0,8;33,6;Sat;16 oct. 2019 19:42:51; 19:42:51
65;JTxR78SdpobHap7hzp3AZcynJtU2;#¨NOMBRE?;-71,5230992;-33,0351586;47;21,42;16;65;In Vehicle;97%;7,22869873;-0,295684814;6,277603149;undefined;1;0,8;33,6;Sat;16 oct. 2019 19:43:01; 19:43:01
66;JTxR78SdpobHap7hzp3AZcynJtU2;#¨NOMBRE?;-71,5227452;-33,0353449;46,9;21,42;16;73;undefined;undefined;-12,49694824;-39,42108154;-38,86413574;undefined;1;0,8;33,6;Sat;16 oct. 2019 19:43:11; 19:43:11
67;JTxR78SdpobHap7hzp3AZcynJtU2;#¨NOMBRE?;-71,5224432;-33,0355453;46,9;0,12;16;58;Still;100%;8,762771606;-0,39982605;3,809768677;undefined;1;0,8;33,6;Sat;16 oct. 2019 19:43:21; 19:43:21
68;JTxR78SdpobHap7hzp3AZcynJtU2;#¨NOMBRE?;-71,5247299;-33,0358999;46,9;0,12;16;59;In Vehicle;96%;-12,10632324;-39,03045654;-37,49084473;undefined;1;0,8;33,6;Sat;16 oct. 2019 19:43:31; 19:43:31
69;JTxR78SdpobHap7hzp3AZcynJtU2;#¨NOMBRE?;-71,5232487;-33,0363518;46,9;0,12;16;59;In Vehicle;96%;5,946594238;-0,109527588;7,843399048;undefined;1,1;0,9;33,6;Sat;16 oct. 2019 19:43:41; 19:43:41
70;JTxR78SdpobHap7hzp3AZcynJtU2;#¨NOMBRE?;-71,523507;-33,0362138;47;0,12;16;237;undefined;undefined;-6,637573242;19,56329346;17,18292236;undefined;1,1;;33,6;Sat;16 oct. 2019 19:43:51; 19:43:51
71;JTxR78SdpobHap7hzp3AZcynJtU2;#¨NOMBRE?;-71,5237076;-33,0361066;47;0,12;16;235;In Vehicle;96%;4,805755615;-0,496795654;6,698974609;undefined;1,1;;33,6;Sat;16 oct. 2019 19:44:01; 19:44:01
72;JTxR78SdpobHap7hzp3AZcynJtU2;#¨NOMBRE?;-71,5238583;-33,0353576;47;0,12;18;140;In Vehicle;96%;3,607467651;-4,982330322;7,747039795;undefined;0,9;0,8;33,6;Sat;16 oct. 2019 19:44:11; 19:44:11
73;JTxR78SdpobHap7hzp3AZcynJtU2;#¨NOMBRE?;-71,5236558;-33,0354648;47;37,56;0;142;undefined;undefined;-1,461791992;-15,98358154;12,37487793;undefined;undefined;undefined;undefined;Sat;16 oct. 2019 19:44:21; 19:44:21
74;JTxR78SdpobHap7hzp3AZcynJtU2;#¨NOMBRE?;-71,5223312;-33,0361751;47;37,56;18;166;undefined;undefined;1,816604614;-3,759490967;5,161300659;undefined;0,9;0,8;33,6;Sat;16 oct. 2019 19:44:31; 19:44:31
75;JTxR78SdpobHap7hzp3AZcynJtU2;#¨NOMBRE?;-71,5216471;-33,036542;47;37,56;18;163;Still;100%;1,802841187;-3,447647095;5,22833252;undefined;0,9;0,8;33,6;Sat;16 oct. 2019 19:44:41; 19:44:41
76;JTxR78SdpobHap7hzp3AZcynJtU2;-LprzDG-6Xi3YqRVGltw;-71,5209729;-33,0369035;47;37,56;17;154;undefined;undefined;3,937271118;-5,147537231;11,01094055;undefined;undefined;;undefined;Sat;16 oct. 2019 19:44:51; 19:44:51
77;JTxR78SdpobHap7hzp3AZcynJtU2;#¨NOMBRE?;-71,5204976;-33,0371584;47;37,56;0;148;undefined;undefined;3,093307495;-4,367630005;11,71662903;undefined;undefined;undefined;undefined;Sat;16 oct. 2019 19:45:01; 19:45:01
78;JTxR78SdpobHap7hzp3AZcynJtU2;#¨NOMBRE?;-71,5219499;-33,0373586;47;37,56;22;344;walking;87%;24,61242676;3,547668457;7,566833496;undefined;undefined;;undefined;Sat;16 oct. 2019 19:45:11; 19:45:11
79;JTxR78SdpobHap7hzp3AZcynJtU2;#¨NOMBRE?;-71,5234036;-33,0357202;47;37,56;22;346;undefined;undefined;5,710769653;-1,159988403;10,61408997;undefined;undefined;;undefined;Sat;16 oct. 2019 19:45:21; 19:45:21
80;JTxR78SdpobHap7hzp3AZcynJtU2;#¨NOMBRE?;-71,5236509;-33,0354705;47;20,94;22;345;Still;100%;24,61242676;3,938293457;8,390808105;undefined;0,9;;33,6;Sat;16 oct. 2019 19:45:31; 19:45:31
81;JTxR78SdpobHap7hzp3AZcynJtU2;#¨NOMBRE?;-71,5238756;-33,0353909;47;20,94;22;345;In Vehicle;96%;5,376785278;-0,940917969;10,86009216;undefined;0,9;;33,6;Sat;16 oct. 2019 19:45:41; 19:45:41
82;JTxR78SdpobHap7hzp3AZcynJtU2;#¨NOMBRE?;-71,5238197;-33,0353864;47;20,94;27;254;walking;87%;-5,172729492;19,07501221;2,758789063;undefined;0,9;;33,6;Sat;16 oct. 2019 19:45:51; 19:45:51
83;JTxR78SdpobHap7hzp3AZcynJtU2;#¨NOMBRE?;-71,5236632;-33,0354858;47;20,94;27;251;undefined;undefined;-5,953979492;18,58673096;4,40826416;undefined;0,9;;33,6;Sat;16 oct. 2019 19:46:01; 19:46:01
84;JTxR78SdpobHap7hzp3AZcynJtU2;#¨NOMBRE?;-71,525958;-33,0390639;47;20,94;27;248;undefined;undefined;7,823059082;-0,044891357;7,961914063;undefined;0,9;;33,6;Sat;16 oct. 2019 19:46:11; 19:46:11
85;JTxR78SdpobHap7hzp3AZcynJtU2;#¨NOMBRE?;-71,5227957;-33,0352228;47;20,94;27;242;Still;100%;7,85836792;0,881072998;9,6043396;undefined;0,9;;33,6;Sat;16 oct. 2019 19:46:21; 19:46:21
86;JTxR78SdpobHap7hzp3AZcynJtU2;#¨NOMBRE?;-71,5243028;-33,0343594;47;5,46;27;244;In Vehicle;96%;6,204574585;0,482437134;11,13124084;undefined;0,9;;33,6;Sat;16 oct. 2019 19:46:31; 19:46:31
87;JTxR78SdpobHap7hzp3AZcynJtU2;#¨NOMBRE?;-71,5252707;-33,0345855;47;5,46;27;70;walking;88%;1,404205322;9,720458984;4,57711792;undefined;0,9;;33,6;Sat;16 oct. 2019 19:46:41; 19:46:41
88;JTxR78SdpobHap7hzp3AZcynJtU2;#¨NOMBRE?;-71,5261329;-33,033618;47;5,46;0;65;undefined;undefined;2,65637207;10,66018677;3,3387146;undefined;undefined;undefined;undefined;Sat;16 oct. 2019 19:46:51; 19:46:51
89;JTxR78SdpobHap7hzp3AZcynJtU2;#¨NOMBRE?;-71,5269709;-33,0329415;46,8;5,46;0;151;undefined;undefined;8,0546875;-7,252639771;4,302383423;undefined;undefined;undefined;undefined;Sat;16 oct. 2019 19:47:01; 19:47:01
90;JTxR78SdpobHap7hzp3AZcynJtU2;#¨NOMBRE?;-71,5280144;-33,0322279;46,8;5,46;0;110;undefined;undefined;8,965087891;-0,582992554;3,860046387;undefined;undefined;undefined;undefined;Sat;16 oct. 2019 19:47:11; 19:47:11
91;JTxR78SdpobHap7hzp3AZcynJtU2;#¨NOMBRE?;-71,5289981;-33,0312006;46,9;5,46;25;64;undefined;undefined;7,217315674;-0,187942505;6,271011353;undefined;1;0,9;33,6;Sat;16 oct. 2019 19:47:21; 19:47:21
92;JTxR78SdpobHap7hzp3AZcynJtU2;#¨NOMBRE?;-71,5307638;-33,0314801;46,9;44,46;25;61;walking;88%;-10,54382324;-39,32342529;-35,84289551;undefined;1;0,9;33,6;Sat;16 oct. 2019 19:47:31; 19:47:31
93;JTxR78SdpobHap7hzp3AZcynJtU2;#¨NOMBRE?;-71,5309652;-33,0312438;46,9;44,46;25;61;Still;100%;7,428009033;0,2059021;6,546340942;undefined;1;0,9;33,6;Sat;16 oct. 2019 19:47:41; 19:47:41
94;JTxR78SdpobHap7hzp3AZcynJtU2;#¨NOMBRE?;-71,5312745;-33,0314281;46,9;44,46;25;62;In Vehicle;96%;7,135314941;0,226257324;6,658874512;undefined;1;0,9;33,6;Sat;16 oct. 2019 19:47:51; 19:47:51
95;JTxR78SdpobHap7hzp3AZcynJtU2;#¨NOMBRE?;-71,5310922;-33,0320855;46,9;44,46;27;76;undefined;undefined;-13,76647949;-40,00701904;-44,22302246;undefined;1;0,9;33,6;Sat;16 oct. 2019 19:48:01; 19:48:01
96;JTxR78SdpobHap7hzp3AZcynJtU2;#¨NOMBRE?;-71,5321564;-33,0329667;46,9;44,46;27;82;undefined;undefined;6,190216064;-2,584533691;7,623733521;undefined;1;0,9;33,6;Sat;16 oct. 2019 19:48:11; 19:48:11
97;JTxR78SdpobHap7hzp3AZcynJtU2;#¨NOMBRE?;-71,5324405;-33,0331358;46,9;44,46;27;61;walking;88%;7,693771362;-0,675170898;4,664505005;undefined;1;0,9;33,6;Sat;16 oct. 2019 19:48:21; 19:48:21
98;JTxR78SdpobHap7hzp3AZcynJtU2;#¨NOMBRE?;-71,5323786;-33,0331665;46,9;21,66;27;70;Still;100%;6,028594971;-0,381881714;7,922409058;undefined;1;0,9;33,6;Sat;16 oct. 2019 19:48:31; 19:48:31
99;JTxR78SdpobHap7hzp3AZcynJtU2;#¨NOMBRE?;-71,5323347;-33,0333383;46,9;21,66;27;74;undefined;undefined;-13,66882324;-40,98358154;-44,90966797;undefined;1;0,9;33,6;Sat;16 oct. 2019 19:48:41; 19:48:41
100;JTxR78SdpobHap7hzp3AZcynJtU2;#¨NOMBRE?;-71,5327489;-33,033354;46,9;21,66;27;75;In Vehicle;96%;7,406463623;-1,898010254;4,908706665;undefined;1;0,9;33,6;Sat;16 oct. 2019 19:48:51; 19:48:51
101;JTxR78SdpobHap7hzp3AZcynJtU2;#¨NOMBRE?;-71,5323413;-33,0339701;47,3;21,66;25;50;undefined;undefined;6,745666504;-0,530914307;6,542755127;undefined;1,2;0,9;33,6;Sat;16 oct. 2019 19:49:01; 19:49:01
102;JTxR78SdpobHap7hzp3AZcynJtU2;#¨NOMBRE?;-71,5316951;-33,0344312;47,3;21,66;25;45;undefined;undefined;8,149261475;-0,565032959;6,104614258;undefined;1,2;0,9;33,6;Sat;16 oct. 2019 19:49:11; 19:49:11
103;JTxR78SdpobHap7hzp3AZcynJtU2;#¨NOMBRE?;-71,5317066;-33,0344171;47,3;21,66;25;41;walking;88%;-18,55163574;-14,71405029;-38,58947754;undefined;1,2;0,9;33,6;Sat;16 oct. 2019 19:49:21; 19:49:21
104;JTxR78SdpobHap7hzp3AZcynJtU2;#¨NOMBRE?;-71,5299233;-33,0363532;47,3;21,66;25;52;In Vehicle;96%;7,518997192;-0,372894287;7,973297119;undefined;1,2;0,9;33,6;Sat;16 oct. 2019 19:49:31; 19:49:31
105;JTxR78SdpobHap7hzp3AZcynJtU2;#¨NOMBRE?;-71,5306486;-33,0376666;47,3;48,06;25;56;Still;100%;-18,16101074;-15,00701904;-39,41497803;undefined;1,2;0,9;33,6;Sat;16 oct. 2019 19:49:41; 19:49:41
106;JTxR78SdpobHap7hzp3AZcynJtU2;#¨NOMBRE?;-71,5306468;-33,0376674;47,3;48,06;25;70;undefined;undefined;6,199783325;-1,356918335;7,993637085;undefined;1,2;0,9;33,6;Sat;16 oct. 2019 19:49:51; 19:49:51
107;JTxR78SdpobHap7hzp3AZcynJtU2;#¨NOMBRE?;-71,5306488;-33,0376665;47,3;48,06;25;62;In Vehicle;96%;-18,25866699;-15,20233154;-39,00299072;undefined;1,2;0,9;33,6;Sat;16 oct. 2019 19:50:01; 19:50:01
108;JTxR78SdpobHap7hzp3AZcynJtU2;#¨NOMBRE?;-71,5306859;-33,0375828;47,3;48,06;27;24;undefined;undefined;9,031524658;-1,118087769;5,143341064;undefined;1;0,9;33,6;Sat;16 oct. 2019 19:50:11; 19:50:11
109;JTxR78SdpobHap7hzp3AZcynJtU2;#¨NOMBRE?;-71,530714;-33,0376299;47,3;48,06;27;32;undefined;undefined;9,04888916;-1,209075928;3,156158447;undefined;1;0,9;33,6;Sat;16 oct. 2019 19:50:21; 19:50:21
110;JTxR78SdpobHap7hzp3AZcynJtU2;#¨NOMBRE?;-71,5306514;-33,0376309;47,3;48,06;27;34;walking;88%;9,05128479;-1,403594971;3,460220337;undefined;1;0,9;33,6;Sat;16 oct. 2019 19:50:31; 19:50:31
111;JTxR78SdpobHap7hzp3AZcynJtU2;#¨NOMBRE?;-71,5306595;-33,0376295;47,3;48,06;27;19;In Vehicle;96%;8,140884399;-0,594360352;6,770797729;undefined;1;0,9;33,6;Sat;16 oct. 2019 19:50:41; 19:50:41
112;JTxR78SdpobHap7hzp3AZcynJtU2;#¨NOMBRE?;-71,5306438;-33,0376441;47,3;40,14;27;26;Still;100%;-5,953979492;-9,342956543;-58,23516846;undefined;1;0,9;33,6;Sat;16 oct. 2019 19:50:52; 19:50:52
113;JTxR78SdpobHap7hzp3AZcynJtU2;#¨NOMBRE?;-71,5306355;-33,0376474;47,3;40,14;27;30;undefined;undefined;9,3697052;-1,171966553;3,395584106;undefined;1;0,9;33,6;Sat;16 oct. 2019 19:51:35; 19:51:35
114;JTxR78SdpobHap7hzp3AZcynJtU2;#¨NOMBRE?;-71,5306338;-33,0375306;47,3;40,14;27;28;In Vehicle;96%;8,403045654;-1,327590942;5,25227356;undefined;1;0,9;33,6;Sat;16 oct. 2019 19:51:45; 19:51:45
115;JTxR78SdpobHap7hzp3AZcynJtU2;#¨NOMBRE?;-71,5306472;-33,0376811;49,8;40,14;25;31;undefined;undefined;8,10256958;-1,567001343;4,947021484;undefined;1,4;0,9;33,6;Sat;16 oct. 2019 19:51:55; 19:51:55
116;JTxR78SdpobHap7hzp3AZcynJtU2;#¨NOMBRE?;-71,530635;-33,0376422;49,8;40,14;25;31;undefined;undefined;-4,098510742;-9,049987793;-59,47113037;undefined;1,4;0,9;33,6;Sat;16 oct. 2019 19:52:05; 19:52:05
117;JTxR78SdpobHap7hzp3AZcynJtU2;#¨NOMBRE?;-71,5304801;-33,0374837;49,8;40,14;25;21;walking;88%;6,728302002;-0,686538696;6,648101807;undefined;1,4;0,9;33,6;Sat;16 oct. 2019 19:52:15; 19:52:15
118;JTxR78SdpobHap7hzp3AZcynJtU2;#¨NOMBRE?;-71,5300078;-33,0374156;49,8;40,14;25;19;In Vehicle;96%;6,831848145;-0,594360352;6,992263794;undefined;1,4;0,9;33,6;Sat;16 oct. 2019 19:52:25; 19:52:25
119;JTxR78SdpobHap7hzp3AZcynJtU2;#¨NOMBRE?;-71,5301478;-33,0381788;49,8;24,72;25;20;Still;100%;-4,586791992;-9,245300293;-59,88311768;undefined;1,4;0,9;33,6;Sat;16 oct. 2019 19:52:35; 19:52:35
120;JTxR78SdpobHap7hzp3AZcynJtU2;#¨NOMBRE?;-71,52996;-33,0387758;49,8;24,72;25;33;undefined;undefined;7,803894043;-1,833953857;6,007644653;undefined;1,4;0,9;33,6;Sat;16 oct. 2019 19:52:45; 19:52:45
121;JTxR78SdpobHap7hzp3AZcynJtU2;#¨NOMBRE?;-71,5295298;-33,0383687;49,8;24,72;25;33;In Vehicle;96%;-4,977416992;-9,245300293;-60,43243408;undefined;1,4;0,9;33,6;Sat;16 oct. 2019 19:52:55; 19:52:55
122;JTxR78SdpobHap7hzp3AZcynJtU2;#¨NOMBRE?;-71,5291307;-33,0372528;49,8;24,72;16;25;undefined;undefined;-4,489135742;-8,073425293;-58,37249756;undefined;1,8;1;33,6;Sat;16 oct. 2019 19:53:05; 19:53:05
123;JTxR78SdpobHap7hzp3AZcynJtU2;#¨NOMBRE?;-71,529812;-33,0357674;49,8;24,72;16;25;walking;88%;7,472900391;-1,159988403;6,072296143;undefined;1,8;1;33,6;Sat;16 oct. 2019 19:53:15; 19:53:15
124;JTxR78SdpobHap7hzp3AZcynJtU2;#¨NOMBRE?;-71,52978;-33,0358352;49,8;24,72;16;25;In Vehicle;96%;-4,977416992;-7,780456543;-57,68432617;undefined;1,8;1;33,6;Sat;16 oct. 2019 19:53:25; 19:53:25
125;JTxR78SdpobHap7hzp3AZcynJtU2;#¨NOMBRE?;-71,5306497;-33,0345718;49,6;4,5;15;27;undefined;undefined;6,727706909;-1,158798218;6,487686157;undefined;1,8;1;33,6;Sat;16 oct. 2019 19:53:35; 19:53:35
126;JTxR78SdpobHap7hzp3AZcynJtU2;#¨NOMBRE?;-71,5328414;-33,0331067;49,6;4,5;15;27;walking;88%;7,326858521;-1,230026245;6,058532715;undefined;1,8;1;33,6;Sat;16 oct. 2019 19:53:45; 19:53:45
127;JTxR78SdpobHap7hzp3AZcynJtU2;#¨NOMBRE?;-71,5337381;-33,0320332;49,6;4,5;15;26;In Vehicle;96%;7,69078064;-1,076797485;4,9793396;undefined;1,8;1;33,6;Sat;16 oct. 2019 19:53:55; 19:53:55
128;JTxR78SdpobHap7hzp3AZcynJtU2;#¨NOMBRE?;-71,5367447;-33,0300897;49,6;1,26;15;27;undefined;undefined;7,102996826;-1,128860474;5,395935059;undefined;1,8;1;33,6;Sat;16 oct. 2019 19:54:05; 19:54:05
129;JTxR78SdpobHap7hzp3AZcynJtU2;#¨NOMBRE?;-71,5537491;-33,0264314;49,6;1,26;15;24;In Vehicle;96%;6,697174072;-0,838562012;6,780975342;undefined;1,8;1;33,6;Sat;16 oct. 2019 19:54:15; 19:54:15
130;JTxR78SdpobHap7hzp3AZcynJtU2;#¨NOMBRE?;-71,55218;-33,0261615;49,6;1,26;16;76;undefined;undefined;-16,89147949;-15,88592529;-35,98022461;undefined;1,1;0,9;33,6;Sat;16 oct. 2019 19:54:25; 19:54:25
131;JTxR78SdpobHap7hzp3AZcynJtU2;#¨NOMBRE?;-71,5540168;-33,0263581;49,6;1,26;16;53;walking;88%;6,716934204;-0,511764526;6,129760742;undefined;1,1;0,9;33,6;Sat;16 oct. 2019 19:54:35; 19:54:35
132;JTxR78SdpobHap7hzp3AZcynJtU2;#¨NOMBRE?;-71,5540516;-33,0262048;49,6;1,26;16;54;In Vehicle;97%;-18,84460449;-16,08123779;-37,35351563;undefined;1,1;0,9;33,6;Sat;16 oct. 2019 19:54:45; 19:54:45
133;JTxR78SdpobHap7hzp3AZcynJtU2;#¨NOMBRE?;-71,5542609;-33,0263365;49,6;7,26;16;67;Still;100%;10,19271851;-1,48739624;1,902786255;undefined;1,1;0,9;33,6;Sat;16 oct. 2019 19:54:55; 19:54:55
134;JTxR78SdpobHap7hzp3AZcynJtU2;#¨NOMBRE?;-71,5536908;-33,0264285;49,6;7,26;16;67;undefined;undefined;-18,16101074;-16,37420654;-37,76550293;undefined;1,1;0,9;33,6;Sat;16 oct. 2019 19:55:05; 19:55:05
135;JTxR78SdpobHap7hzp3AZcynJtU2;#¨NOMBRE?;-71,5544056;-33,0251419;49,6;7,26;16;72;In Vehicle;96%;6,165664673;-1,191116333;8,031951904;undefined;1,1;0,9;33,6;Sat;16 oct. 2019 19:55:15; 19:55:15
136;JTxR78SdpobHap7hzp3AZcynJtU2;#¨NOMBRE?;-71,5555184;-33,0263306;49,6;7,26;14;48;undefined;undefined;2,444458008;-37,46795654;-59,88311768;undefined;1,5;0,9;33,6;Sat;16 oct. 2019 19:55:25; 19:55:25
137;JTxR78SdpobHap7hzp3AZcynJtU2;#¨NOMBRE?;-71,553854;-33,0263329;49,6;7,26;14;41;undefined;undefined;6,293151855;-0,125091553;6,350616455;undefined;1,5;0,9;33,6;Sat;16 oct. 2019 19:55:35; 19:55:35
138;JTxR78SdpobHap7hzp3AZcynJtU2;#¨NOMBRE?;-71,5539089;-33,0262049;49,6;7,26;14;40;walking;88%;2,053833008;-37,17498779;-61,53106689;undefined;1,5;0,9;33,6;Sat;16 oct. 2019 19:55:45; 19:55:45
139;JTxR78SdpobHap7hzp3AZcynJtU2;#¨NOMBRE?;-71,5536896;-33,0261991;49,6;7,26;14;57;In Vehicle;96%;6,597229004;-2,120666504;7,423828125;undefined;1,5;0,9;33,6;Sat;16 oct. 2019 19:55:55; 19:55:55
140;JTxR78SdpobHap7hzp3AZcynJtU2;#¨NOMBRE?;-71,5529873;-33,0262461;49,6;6,66;14;57;Still;100%;1,663208008;-37,27264404;-62,3550415;undefined;1,5;0,9;33,6;Sat;16 oct. 2019 19:56:05; 19:56:05
141;JTxR78SdpobHap7hzp3AZcynJtU2;#¨NOMBRE?;-71,5518294;-33,026447;49,6;2,22;25;70;undefined;undefined;-14,64538574;-33,75701904;-36,66687012;undefined;1,1;0,9;33,6;Sat;16 oct. 2019 19:56:15; 19:56:15
142;JTxR78SdpobHap7hzp3AZcynJtU2;#¨NOMBRE?;-71,5521895;-33,0264369;49,6;2,22;25;86;Still;100%;-15,81726074;-33,85467529;-36,39221191;undefined;1,1;0,9;33,6;Sat;16 oct. 2019 19:56:25; 19:56:25
143;JTxR78SdpobHap7hzp3AZcynJtU2;#¨NOMBRE?;-71,5495492;-33,0268814;49,6;2,22;25;122;undefined;undefined;11,49575806;-0,835571289;0,164001465;undefined;1,1;0,9;33,6;Sat;16 oct. 2019 19:56:35; 19:56:35
144;JTxR78SdpobHap7hzp3AZcynJtU2;#¨NOMBRE?;-71,5471061;-33,0275819;49,6;2,22;25;57;walking;88%;4,72795105;1,73878479;6,162078857;undefined;1,1;0,9;33,6;Sat;16 oct. 2019 19:56:45; 19:56:45
145;JTxR78SdpobHap7hzp3AZcynJtU2;#¨NOMBRE?;-71,5460879;-33,0277565;49,6;2,22;25;56;In Vehicle;96%;-16,79382324;-35,22186279;-39,96429443;undefined;1,1;0,9;33,6;Sat;16 oct. 2019 19:56:55; 19:56:55
146;JTxR78SdpobHap7hzp3AZcynJtU2;#¨NOMBRE?;-71,5447612;-33,0281557;49,6;0;25;85;undefined;undefined;4,882980347;2,167953491;11,45565796;undefined;1,1;0,9;33,6;Sat;16 oct. 2019 19:57:05; 19:57:05
147;JTxR78SdpobHap7hzp3AZcynJtU2;#¨NOMBRE?;-71,5398936;-33,0294226;49,6;0;26;99;undefined;undefined;5,510253906;-4,927871704;8,266586304;undefined;1;0,8;33,6;Sat;16 oct. 2019 19:57:15; 19:57:15
148;JTxR78SdpobHap7hzp3AZcynJtU2;#¨NOMBRE?;-71,5385066;-33,0299055;49,6;0;26;97;In Vehicle;96%;7,022796631;-4,891357422;5,496490479;undefined;1;0,8;33,6;Sat;16 oct. 2019 19:57:25; 19:57:25
149;JTxR78SdpobHap7hzp3AZcynJtU2;#¨NOMBRE?;-71,538723;-33,0297245;49,6;0;26;95;Still;100%;6,52180481;-4,343078613;6,466140747;undefined;1;0,8;33,6;Sat;16 oct. 2019 19:57:35; 19:57:35
150;JTxR78SdpobHap7hzp3AZcynJtU2;#¨NOMBRE?;-71,5355958;-33,031003;49,6;0,12;26;99;In Vehicle;96%;4,997299194;-4,248504639;9,585784912;undefined;1;0,8;33,6;Sat;16 oct. 2019 19:57:45; 19:57:45
151;JTxR78SdpobHap7hzp3AZcynJtU2;#¨NOMBRE?;-71,5346702;-33,0315005;59,2;0,06;26;100;undefined;undefined;-10,64147949;-16,96014404;-36,25488281;undefined;1;0,8;33,6;Sat;16 oct. 2019 19:57:55; 19:57:55
152;JTxR78SdpobHap7hzp3AZcynJtU2;#¨NOMBRE?;-71,5341948;-33,0318669;59,2;0,06;26;77;undefined;undefined;6,297348022;-3,069961548;3,967788696;undefined;1;0,8;33,6;Sat;16 oct. 2019 19:58:05; 19:58:05
153;JTxR78SdpobHap7hzp3AZcynJtU2;#¨NOMBRE?;-71,5335618;-33,0327611;59,2;0,06;26;77;walking;88%;-10,83679199;-16,56951904;-36,25488281;undefined;1;0,8;33,6;Sat;16 oct. 2019 19:58:15; 19:58:15
154;JTxR78SdpobHap7hzp3AZcynJtU2;#¨NOMBRE?;-71,533029;-33,0334982;59,2;0,06;26;58;In Vehicle;97%;7,593811035;-1,66217041;3,913330078;undefined;1;0,8;33,6;Sat;16 oct. 2019 19:58:25; 19:58:25
155;JTxR78SdpobHap7hzp3AZcynJtU2;#¨NOMBRE?;-71,5317058;-33,0346125;59,2;0,06;26;58;Still;100%;-11,42272949;-16,96014404;-37,07885742;undefined;1;0,8;33,6;Sat;16 oct. 2019 19:58:35; 19:58:35
156;JTxR78SdpobHap7hzp3AZcynJtU2;#¨NOMBRE?;-71,5318409;-33,0353191;59,2;0,06;26;40;undefined;undefined;9,452301025;-0,638656616;4,212600708;undefined;1;0,8;33,6;Sat;16 oct. 2019 19:58:45; 19:58:45
157;JTxR78SdpobHap7hzp3AZcynJtU2;#¨NOMBRE?;-71,5325657;-33,0364623;59,2;0;26;39;In Vehicle;96%;-11,03210449;-17,05780029;-38,17749023;undefined;1;0,8;33,6;Sat;16 oct. 2019 19:58:55; 19:58:55
158;JTxR78SdpobHap7hzp3AZcynJtU2;#¨NOMBRE?;-71,531528;-33,0359069;79,9;0,06;26;47;undefined;undefined;8,096588135;-1,768112183;4,592071533;undefined;0,9;0,8;33,6;Sat;16 oct. 2019 19:59:05; 19:59:05
159;JTxR78SdpobHap7hzp3AZcynJtU2;#¨NOMBRE?;-71,5310741;-33,0365302;79,9;0,06;26;52;undefined;undefined;-9,762573242;-13,05389404;-40,51361084;undefined;0,9;0,8;33,6;Sat;16 oct. 2019 19:59:15; 19:59:15
160;JTxR78SdpobHap7hzp3AZcynJtU2;#¨NOMBRE?;-71,5308674;-33,0369797;79,9;22,08;26;54;walking;88%;8,047515869;-2,199676514;4,430465698;undefined;0,9;0,8;33,6;Sat;16 oct. 2019 19:59:25; 19:59:25
161;JTxR78SdpobHap7hzp3AZcynJtU2;#¨NOMBRE?;-71,5304477;-33,0372756;79,9;63,9;26;54;In Vehicle;97%;-10,73913574;-12,56561279;-41,88690186;undefined;0,9;0,8;33,6;Sat;16 oct. 2019 19:59:35; 19:59:35
162;JTxR78SdpobHap7hzp3AZcynJtU2;#¨NOMBRE?;-71,5306359;-33,0376535;79,9;4,86;26;48;Still;100%;-10,73913574;-13,34686279;-42,98553467;undefined;0,9;0,8;33,6;Sat;16 oct. 2019 19:59:45; 19:59:45
163;JTxR78SdpobHap7hzp3AZcynJtU2;#¨NOMBRE?;-71,5307632;-33,0377559;79,9;36,54;26;47;undefined;undefined;8,407836914;-1,774108887;5,003875732;undefined;0,9;0,8;33,6;Sat;16 oct. 2019 19:59:55; 19:59:55
164;JTxR78SdpobHap7hzp3AZcynJtU2;#¨NOMBRE?;-71,5306453;-33,0375734;79,9;56,58;26;52;In Vehicle;96%;-10,83679199;-13,44451904;-43,39752197;undefined;0,9;0,8;33,6;Sat;16 oct. 2019 20:00:05; 20:00:05
165;JTxR78SdpobHap7hzp3AZcynJtU2;-Lps--6Fpf4qxbLHY_rE;-71,5305724;-33,0375417;79,9;62,46;16;46;undefined;undefined;2,053833008;-14,22576904;-55,76171875;undefined;0,9;0,8;33,6;Sat;16 oct. 2019 20:00:15; 20:00:15
166;JTxR78SdpobHap7hzp3AZcynJtU2;-Lps--6WYzTiJ-6IfVI5;-71,5305322;-33,0375054;79,9;82,38;16;45;undefined;undefined;6,470336914;-2,653381348;6,866577148;undefined;0,9;0,8;33,6;Sat;16 oct. 2019 20:00:25; 20:00:25
167;JTxR78SdpobHap7hzp3AZcynJtU2;-Lps--6cFSEYjUtZ5Sr8;-71,5306567;-33,0376815;79,9;63,78;16;43;walking;88%;6,784576416;-2,263122559;6,248260498;undefined;0,9;0,8;33,6;Sat;16 oct. 2019 20:00:35; 20:00:35
168;JTxR78SdpobHap7hzp3AZcynJtU2;-Lps--6qJ9YyzvdSKgjN;-71,5529441;-33,0198681;79,9;42,9;16;41;Still;100%;7,411849976;-2,225418091;6,042373657;undefined;0,9;0,8;33,6;Sat;16 oct. 2019 20:00:45; 20:00:45
169;JTxR78SdpobHap7hzp3AZcynJtU2;-Lps--71Y_lQ0r5Y3tzb;-71,5529448;-33,0198679;79,9;67,32;16;46;In Vehicle;96%;7,182006836;-2,584533691;5,808334351;undefined;0,9;0,8;33,6;Sat;16 oct. 2019 20:00:55; 20:00:55
170;JTxR78SdpobHap7hzp3AZcynJtU2;-Lps--7AQUO0n0pbQxoy;-71,5529143;-33,0198748;79,9;78,42;16;44;undefined;undefined;0,491333008;-14,71405029;-57,40966797;undefined;0,9;0,8;33,6;Sat;16 oct. 2019 20:01:05; 20:01:05
171;JTxR78SdpobHap7hzp3AZcynJtU2;-Lps--7JBCw7IIl3nzPP;-71,5533944;-33,0201455;79,9;71,46;16;48;In Vehicle;96%;6,228515625;-2,729385376;6,616973877;undefined;0,9;0,8;33,6;Sat;16 oct. 2019 20:01:15; 20:01:15
172;JTxR78SdpobHap7hzp3AZcynJtU2;-Lps-1kL4dAVhERSFtzy;-71,553762;-33,0210537;96,4;70,26;16;25;undefined;undefined;6,843231201;-0,889450073;6,104614258;undefined;1,1;0,9;33,6;Sat;16 oct. 2019 20:01:25; 20:01:25
173;JTxR78SdpobHap7hzp3AZcynJtU2;-Lps-1kUrkdROpkMQheQ;-71,5517245;-33,0214228;96,4;72,9;16;25;undefined;undefined;-2,145385742;-10,02655029;-54,25109863;undefined;1,1;0,9;33,6;Sat;16 oct. 2019 20:01:35; 20:01:35
174;JTxR78SdpobHap7hzp3AZcynJtU2;-Lps-1kdyvJuTXr7HCr3;-71,5517375;-33,0214026;96,4;83,16;16;22;walking;88%;7,193374634;-0,731430054;6,036376953;undefined;1,1;0,9;33,6;Sat;16 oct. 2019 20:01:45; 20:01:45
175;JTxR78SdpobHap7hzp3AZcynJtU2;-Lps-1ktPap1i8bEFkNm;-71,55113;-33,0209294;96,4;78,24;16;26;In Vehicle;96%;6,965927124;-0,955886841;5,907089233;undefined;1,1;0,9;33,6;Sat;16 oct. 2019 20:01:55; 20:01:55
176;JTxR78SdpobHap7hzp3AZcynJtU2;-Lps-1l27Febv-FtV1Pc;-71,5482058;-33,0156504;96,4;84,78;16;25;Still;100%;6,879135132;-0,870285034;6,540359497;undefined;1,1;0,9;33,6;Sat;16 oct. 2019 20:02:05; 20:02:05
177;JTxR78SdpobHap7hzp3AZcynJtU2;-Lps-1l7txXRDzs3pB9Y;-71,5471654;-33,0141847;96,4;64,74;16;26;In Vehicle;96%;-3,512573242;-10,80780029;-56,72302246;undefined;1,1;0,9;33,6;Sat;16 oct. 2019 20:02:15; 20:02:15
178;JTxR78SdpobHap7hzp3AZcynJtU2;-Lps-4NIJTVopVPLCQ6v;-71,5459741;-33,0138036;99,6;49,74;13;93;In Vehicle;94%;8,403045654;-6,182434082;-6,940795898;undefined;1,4;1;33,6;Sat;16 oct. 2019 20:02:25; 20:02:25
179;JTxR78SdpobHap7hzp3AZcynJtU2;#¨NOMBRE?;-71,5462672;-33,0143093;83,2;42,9;25;287;undefined;undefined;8,596801758;14,68048096;8,665466309;undefined;1,1;0,9;33,6;Sat;16 oct. 2019 20:02:35; 20:02:35
180;JTxR78SdpobHap7hzp3AZcynJtU2;#¨NOMBRE?;-71,5462066;-33,0142886;83,2;35,4;25;287;walking;88%;8,401489258;14,19219971;8,665466309;undefined;1,1;0,9;33,6;Sat;16 oct. 2019 20:02:45; 20:02:45
181;JTxR78SdpobHap7hzp3AZcynJtU2;#¨NOMBRE?;-71,5467164;-33,0140771;83,2;0,06;25;287;In Vehicle;94%;4,763275146;-2,125762939;8,128616333;undefined;1,1;0,9;33,6;Sat;16 oct. 2019 20:02:55; 20:02:55
182;JTxR78SdpobHap7hzp3AZcynJtU2;#¨NOMBRE?;-71,5467189;-33,0140831;83,2;85,5;25;288;Still;100%;4,707595825;-2,542037964;8,061279297;undefined;1,1;0,9;33,6;Sat;16 oct. 2019 20:03:05; 20:03:05
183;JTxR78SdpobHap7hzp3AZcynJtU2;#¨NOMBRE?;-71,5467186;-33,0140833;83,2;35,88;25;287;undefined;undefined;8,010864258;14,19219971;8,665466309;undefined;1,1;0,9;33,6;Sat;16 oct. 2019 20:03:15; 20:03:15
184;JTxR78SdpobHap7hzp3AZcynJtU2;-Lps-P9pu8NRk-8ZCXzk;-71,5467245;-33,0140663;0;45,96;23;267;undefined;undefined;4,71836853;-1,610702515;8,454528809;undefined;1,1;;33,6;Sat;16 oct. 2019 20:03:25; 20:03:25
185;JTxR78SdpobHap7hzp3AZcynJtU2;#¨NOMBRE?;-71,5477675;-33,022792;0;64,38;23;267;undefined;undefined;2,74810791;15,7623291;9,944152832;undefined;1,1;;33,6;Sat;16 oct. 2019 20:03:35; 20:03:35
186;JTxR78SdpobHap7hzp3AZcynJtU2;#¨NOMBRE?;-71,5477669;-33,0227911;0;63,54;23;267;walking;88%;4,736923218;-1,835159302;8,321640015;undefined;1,1;;33,6;Sat;16 oct. 2019 20:03:45; 20:03:45
187;JTxR78SdpobHap7hzp3AZcynJtU2;#¨NOMBRE?;-71,5486252;-33,0229645;0;69,12;23;268;Tilting;100%;4,742919922;-1,853118896;8,230072021;undefined;1,1;;33,6;Sat;16 oct. 2019 20:03:55; 20:03:55
188;JTxR78SdpobHap7hzp3AZcynJtU2;#¨NOMBRE?;-71,5474022;-33,0243916;0;34,74;23;268;Still;100%;4,774032593;-1,86567688;8,16003418;undefined;1,1;;33,6;Sat;16 oct. 2019 20:04:05; 20:04:05
189;JTxR78SdpobHap7hzp3AZcynJtU2;#¨NOMBRE?;-71,5475974;-33,0252822;0;21,06;23;269;undefined;undefined;4,801574707;-1,877655029;8,104370117;undefined;1,1;;33,6;Sat;16 oct. 2019 20:04:15; 20:04:15
190;JTxR78SdpobHap7hzp3AZcynJtU2;#¨NOMBRE?;-71,5438711;-33,0271793;78,5;19,8;23;266;Tilting;100%;4,72315979;-1,277313232;8,325836182;undefined;1,4;1;33,6;Sat;16 oct. 2019 20:04:25; 20:04:25
191;JTxR78SdpobHap7hzp3AZcynJtU2;#¨NOMBRE?;-71,5423642;-33,0278182;78,5;58,68;23;264;Tilting;100%;4,481948853;-1,134857178;8,482055664;undefined;1,4;1;33,6;Sat;16 oct. 2019 20:04:35; 20:04:35
192;JTxR78SdpobHap7hzp3AZcynJtU2;#¨NOMBRE?;-71,5419388;-33,0280042;78,5;2,16;23;261;undefined;undefined;1,28326416;15,27404785;11,45477295;undefined;1,4;;33,6;Sat;16 oct. 2019 20:04:45; 20:04:45
193;JTxR78SdpobHap7hzp3AZcynJtU2;#¨NOMBRE?;-71,5403519;-33,0286881;78,5;12,78;23;261;undefined;undefined;1,28326416;15,46936035;12,27874756;undefined;1,4;;33,6;Sat;16 oct. 2019 20:04:55; 20:04:55
194;JTxR78SdpobHap7hzp3AZcynJtU2;#¨NOMBRE?;-71,5402728;-33,0287169;78,5;5,46;23;262;walking;88%;1,77154541;15,3717041;12,41607666;undefined;1,4;;33,6;Sat;16 oct. 2019 20:05:05; 20:05:05
195;JTxR78SdpobHap7hzp3AZcynJtU2;#¨NOMBRE?;-71,534772;-33,0315609;78,5;63,66;23;262;In Vehicle;96%;1,28326416;15,1763916;11,45477295;undefined;1,4;;33,6;Sat;16 oct. 2019 20:05:14; 20:05:14
196;JTxR78SdpobHap7hzp3AZcynJtU2;#¨NOMBRE?;-71,5337471;-33,0325588;38,7;15;0;67;Still;97%;-14,66674805;-38,9831543;-56,02264404;undefined;undefined;undefined;undefined;Sat;16 oct. 2019 20:05:25; 20:05:25
197;JTxR78SdpobHap7hzp3AZcynJtU2;#¨NOMBRE?;-71,5326197;-33,0338165;38,4;14,4;18;64;Still;97%;-11,73706055;-39,7644043;-60,69335938;undefined;0,7;0,8;33,6;Sat;16 oct. 2019 20:05:35; 20:05:35
198;JTxR78SdpobHap7hzp3AZcynJtU2;-Lpseq91ZW5STfLSCI4-;-71,5317243;-33,0358529;38,9;18,78;20;57;In Vehicle;96%;7,041351318;-1,390426636;7,238265991;undefined;0,7;0,8;33,6;Sat;16 oct. 2019 20:05:45; 20:05:45
199;JTxR78SdpobHap7hzp3AZcynJtU2;#¨NOMBRE?;-71,5305441;-33,037336;38,9;19,02;20;57;In Vehicle;96%;8,270172119;-1,072601318;5,704193115;undefined;0,7;0,8;33,6;Sat;16 oct. 2019 20:05:55; 20:05:55
200;JTxR78SdpobHap7hzp3AZcynJtU2;#¨NOMBRE?;-71,5307022;-33,0376373;38,7;47,34;19;72;In Vehicle;96%;6,209960938;-2,103912354;7,14100647;undefined;0,8;0,9;33,6;Sat;16 oct. 2019 20:06:05; 20:06:05
201;JTxR78SdpobHap7hzp3AZcynJtU2;#¨NOMBRE?;-71,5306669;-33,0376445;38,7;40,62;20;65;In Vehicle;96%;6,415863037;-0,894241333;7,233474731;undefined;0,8;0,9;33,6;Sat;16 oct. 2019 20:06:14; 20:06:14
202;JTxR78SdpobHap7hzp3AZcynJtU2;#¨NOMBRE?;-71,5306472;-33,0376691;40;30,84;19;71;In Vehicle;97%;-5,487060547;-37,8112793;-68,93615723;undefined;0,7;0,8;33,6;Sat;16 oct. 2019 20:06:24; 20:06:24
203;JTxR78SdpobHap7hzp3AZcynJtU2;#¨NOMBRE?;-71,5474214;-33,0219119;41,1;51;19;37;In Vehicle;96%;5,512649536;0,771530151;9,144958496;undefined;0,7;0,8;33,6;Sat;16 oct. 2019 20:06:35; 20:06:35
204;JTxR78SdpobHap7hzp3AZcynJtU2;#¨NOMBRE?;-71,5475131;-33,0222385;41,1;42,66;19;60;In Vehicle;97%;-19,0612793;-32,83081055;-48,74267578;undefined;0,7;0,8;33,6;Sat;16 oct. 2019 20:06:45; 20:06:45
205;JTxR78SdpobHap7hzp3AZcynJtU2;#¨NOMBRE?;-71,5462651;-33,0232177;41,1;21,18;19;64;In Vehicle;97%;7,669525146;-1,232421875;6,616378784;undefined;0,7;0,8;33,6;Sat;16 oct. 2019 20:06:54; 20:06:54
206;JTxR78SdpobHap7hzp3AZcynJtU2;#¨NOMBRE?;-71,5462641;-33,023217;41,1;2,16;20;63;In Vehicle;96%;6,522109985;-0,498901367;6,59034729;undefined;0,8;0,9;33,6;Sat;16 oct. 2019 20:07:05; 20:07:05
207;JTxR78SdpobHap7hzp3AZcynJtU2;#¨NOMBRE?;-71,5462637;-33,023217;41,1;3,78;20;60;In Vehicle;97%;-20,72143555;-31,9519043;-47,77984619;undefined;0,7;0,8;33,6;Sat;16 oct. 2019 20:07:15; 20:07:15
208;JTxR78SdpobHap7hzp3AZcynJtU2;#¨NOMBRE?;-71,5435175;-33,0234478;41,1;18,72;34;64;In Vehicle;97%;-18,57299805;-31,3659668;-49,42932129;undefined;0,8;0,9;33,6;Sat;16 oct. 2019 20:07:25; 20:07:25
209;JTxR78SdpobHap7hzp3AZcynJtU2;#¨NOMBRE?;-71,5389825;-33,0259243;41,5;49,92;20;63;In Vehicle;97%;-18,8659668;-33,61206055;-49,01733398;undefined;0,8;0,9;33,6;Sat;16 oct. 2019 20:07:35; 20:07:35
210;JTxR78SdpobHap7hzp3AZcynJtU2;#¨NOMBRE?;-71,5394619;-33,0278958;41,5;53,1;19;59;In Vehicle;97%;-19,35424805;-32,7331543;-50,5279541;undefined;0,7;0,8;33,6;Sat;16 oct. 2019 20:07:45; 20:07:45
211;JTxR78SdpobHap7hzp3AZcynJtU2;#¨NOMBRE?;-71,538296;-33,0292477;41,5;62,46;19;62;In Vehicle;97%;-19,35424805;-32,3425293;-50,8026123;undefined;0,7;0,8;33,6;Sat;16 oct. 2019 20:07:55; 20:07:55
212;JTxR78SdpobHap7hzp3AZcynJtU2;#¨NOMBRE?;-71,5386308;-33,0294229;41,5;81,24;19;69;In Vehicle;97%;7,650085449;-1,873764038;4,270065308;undefined;0,8;0,9;33,6;Sat;16 oct. 2019 20:08:05; 20:08:05
213;JTxR78SdpobHap7hzp3AZcynJtU2;#¨NOMBRE?;-71,5360077;-33,0307014;40;86,58;20;43;In Vehicle;97%;-18,57299805;-33,02612305;-51,07727051;undefined;0,8;0,9;33,6;Sat;16 oct. 2019 20:08:15; 20:08:15
214;JTxR78SdpobHap7hzp3AZcynJtU2;#¨NOMBRE?;-71,533832;-33,0323921;40;103,08;20;61;In Vehicle;97%;-19,0612793;-32,3425293;-52,31323242;undefined;0,8;0,9;33,6;Sat;16 oct. 2019 20:08:25; 20:08:25
215;JTxR78SdpobHap7hzp3AZcynJtU2;#¨NOMBRE?;-71,531759;-33,0349377;42,9;101,76;19;70;In Vehicle;97%;-18,57299805;-35,0769043;-51,07727051;undefined;0,8;0,9;33,6;Sat;16 oct. 2019 20:08:35; 20:08:35
216;JTxR78SdpobHap7hzp3AZcynJtU2;#¨NOMBRE?;-71,5309864;-33,0354535;42,9;14,28;19;74;In Vehicle;97%;-18,6706543;-29,8034668;-53,68804932;undefined;0,8;0,9;33,6;Sat;16 oct. 2019 20:08:45; 20:08:45
217;JTxR78SdpobHap7hzp3AZcynJtU2;#¨NOMBRE?;-71,5312689;-33,0348468;42,9;6,42;20;53;In Vehicle;97%;8,400665283;-1,833374023;4,348175049;undefined;0,8;0,9;33,6;Sat;16 oct. 2019 20:08:55; 20:08:55
218;JTxR78SdpobHap7hzp3AZcynJtU2;#¨NOMBRE?;-71,5306078;-33,035049;42,9;20,34;33;37;In Vehicle;97%;5,61289978;1,196212769;8,148376465;undefined;0,8;;33,6;Sat;16 oct. 2019 20:09:05; 20:09:05
219;JTxR78SdpobHap7hzp3AZcynJtU2;#¨NOMBRE?;-71,5299959;-33,0351781;42,9;34,14;33;45;In Vehicle;97%;6,76991272;1,586471558;7,853881836;undefined;4,2;1;33,6;Sat;16 oct. 2019 20:09:15; 20:09:15
220;JTxR78SdpobHap7hzp3AZcynJtU2;#¨NOMBRE?;-71,5294425;-33,0352766;44,3;35,64;34;58;In Vehicle;96%;6,962341309;-0,741607666;6,129150391;undefined;500;;33,6;Sat;16 oct. 2019 20:12:04; 20:12:04
221;JTxR78SdpobHap7hzp3AZcynJtU2;#¨NOMBRE?;-71,5294406;-33,0352729;44,3;7,86;34;42;In Vehicle;96%;6,737289429;-0,634475708;6,839630127;undefined;500;;33,6;Sat;16 oct. 2019 20:12:14; 20:12:14
222;JTxR78SdpobHap7hzp3AZcynJtU2;#¨NOMBRE?;-71,5294349;-33,0352634;44,3;20,28;34;25;In Vehicle;97%;0,567626953;-14,47143555;-72,50823975;undefined;500;;33,6;Sat;16 oct. 2019 20:12:24; 20:12:24
223;JTxR78SdpobHap7hzp3AZcynJtU2;#¨NOMBRE?;-71,5316978;-33,0341693;44,3;4,2;34;57;In Vehicle;97%;2,388809204;-6,125274658;-9,582794189;undefined;500;;33,6;Sat;16 oct. 2019 20:12:34; 20:12:34
224;JTxR78SdpobHap7hzp3AZcynJtU2;#¨NOMBRE?;-71,5361577;-33,0303845;0;100,86;20;44;In Vehicle;97%;7,891845703;-36,4440918;-40,22521973;undefined;500;;33,6;Sat;16 oct. 2019 20:12:44; 20:12:44
225;JTxR78SdpobHap7hzp3AZcynJtU2;#¨NOMBRE?;-71,5384681;-33,0296655;0;76,2;20;36;Tilting;100%;11,61726379;-0,981628418;3,1615448;undefined;500;;33,6;Sat;16 oct. 2019 20:12:54; 20:12:54
226;JTxR78SdpobHap7hzp3AZcynJtU2;#¨NOMBRE?;-71,5406907;-33,0290793;0;69;21;35;In Vehicle;96%;7,250839233;-0,770935059;6,166259766;undefined;500;;33,6;Sat;16 oct. 2019 20:13:04; 20:13:04
227;JTxR78SdpobHap7hzp3AZcynJtU2;#¨NOMBRE?;-71,5429993;-33,0284464;0;74,16;21;20;In Vehicle;97%;6,955749512;-0,408813477;5,853820801;undefined;500;;33,6;Sat;16 oct. 2019 20:13:14; 20:13:14
228;JTxR78SdpobHap7hzp3AZcynJtU2;#¨NOMBRE?;-71,545417;-33,027805;0;76,08;21;28;In Vehicle;96%;-17,1081543;-12,12768555;-77,86560059;undefined;500;;33,6;Sat;16 oct. 2019 20:13:24; 20:13:24
229;JTxR78SdpobHap7hzp3AZcynJtU2;#¨NOMBRE?;-71,5505963;-33,0261945;0;75,42;21;44;In Vehicle;96%;7,389099121;-0,814025879;6,336853027;undefined;500;;33,6;Sat;16 oct. 2019 20:13:33; 20:13:33
230;JTxR78SdpobHap7hzp3AZcynJtU2;#¨NOMBRE?;-71,5515414;-33,0260452;52,7;72,6;21;29;In Vehicle;96%;-33,9050293;-2,362060547;-60,28137207;undefined;500;;33,6;Sat;16 oct. 2019 20:13:44; 20:13:44
231;JTxR78SdpobHap7hzp3AZcynJtU2;#¨NOMBRE?;-71,5517802;-33,0260586;52,7;10,14;34;55;In Vehicle;96%;7,851791382;-0,444717407;6,376358032;undefined;500;;33,6;Sat;16 oct. 2019 20:13:54; 20:13:54
232;JTxR78SdpobHap7hzp3AZcynJtU2;#¨NOMBRE?;-71,5520284;-33,0259057;65,2;10,44;34;60;In Vehicle;98%;7,199371338;-0,647033691;6,595428467;undefined;500;;33,6;Sat;16 oct. 2019 20:14:04; 20:14:04
233;JTxR78SdpobHap7hzp3AZcynJtU2;#¨NOMBRE?;-71,5510609;-33,0242979;65,2;3,66;34;59;In Vehicle;96%;-26,2878418;-32,63549805;-58,35876465;undefined;500;;33,6;Sat;16 oct. 2019 20:14:43; 20:14:43
234;JTxR78SdpobHap7hzp3AZcynJtU2;#¨NOMBRE?;-71,5516492;-33,0233997;65,2;57,12;34;53;In Vehicle;96%;7,614761353;-1,095947266;6,207565308;undefined;500;;33,6;Sat;16 oct. 2019 20:14:53; 20:14:53
235;JTxR78SdpobHap7hzp3AZcynJtU2;#¨NOMBRE?;-71,5516214;-33,0232798;65,2;92,82;34;57;In Vehicle;98%;7,325653076;-1,382049561;6,034591675;undefined;500;;33,6;Sat;16 oct. 2019 20:15:02; 20:15:02
236;JTxR78SdpobHap7hzp3AZcynJtU2;#¨NOMBRE?;-71,5512671;-33,0215876;65,2;28,44;34;104;In Vehicle;98%;1,781280518;-7,391494751;-11,34912109;undefined;500;;33,6;Sat;16 oct. 2019 20:15:13; 20:15:13
237;JTxR78SdpobHap7hzp3AZcynJtU2;#¨NOMBRE?;-71,5502485;-33,0166656;64,7;51,6;34;252;In Vehicle;98%;-9,490966797;-0,115966797;-27,58636475;undefined;500;;33,6;Sat;16 oct. 2019 20:15:23; 20:15:23
238;JTxR78SdpobHap7hzp3AZcynJtU2;#¨NOMBRE?;-71,5499028;-33,0149787;52,7;49,32;0;331;walking;94%;16,8762207;8,087158203;-0,936889648;undefined;undefined;undefined;undefined;Sat;16 oct. 2019 20:16:13; 20:16:13
239;JTxR78SdpobHap7hzp3AZcynJtU2;-Lpsj-0amxM81pe2UWcu;-71,5498252;-33,0144609;52,7;31,08;0;329;walking;94%;15,8996582;8,380126953;-0,11138916;undefined;undefined;;undefined;Sat;16 oct. 2019 20:16:23; 20:16:23
240;JTxR78SdpobHap7hzp3AZcynJtU2;#¨NOMBRE?;-71,5508149;-33,0127113;52,7;33,9;0;357;walking;94%;23,61450195;1,641845703;4,971313477;undefined;undefined;;undefined;Sat;16 oct. 2019 20:16:32; 20:16:32
241;JTxR78SdpobHap7hzp3AZcynJtU2;#¨NOMBRE?;-71,5502551;-33,0101476;52,7;59,64;21;344;Tilting;100%;13,1652832;0,860595703;18,57147217;undefined;undefined;;undefined;Sat;16 oct. 2019 20:17:26; 20:17:26
242;JTxR78SdpobHap7hzp3AZcynJtU2;#¨NOMBRE?;-71,5498816;-33,0099786;52,7;50,28;21;295;Tilting;100%;-8,970474243;1,003479004;1,594848633;undefined;undefined;;undefined;Sat;16 oct. 2019 20:17:35; 20:17:35
243;JTxR78SdpobHap7hzp3AZcynJtU2;#¨NOMBRE?;-71,5497223;-33,0100342;52,7;45,06;0;319;undefined;undefined;13,9465332;15,80200195;-10,82763672;undefined;undefined;undefined;undefined;Sat;16 oct. 2019 20:17:44; 20:17:44
244;JTxR78SdpobHap7hzp3AZcynJtU2;#¨NOMBRE?;-71,5496654;-33,0098734;52,7;38,16;0;318;undefined;undefined;6,3565979;-1,155807495;6,266220093;undefined;undefined;undefined;undefined;Sat;16 oct. 2019 20:17:54; 20:17:54
245;JTxR78SdpobHap7hzp3AZcynJtU2;#¨NOMBRE?;-71,549668;-33,0098614;52,7;23,88;0;297;undefined;undefined;3,989334106;1,422149658;8,816650391;undefined;undefined;;undefined;Sat;16 oct. 2019 20:18:05; 20:18:05
246;JTxR78SdpobHap7hzp3AZcynJtU2;#¨NOMBRE?;-71,5495617;-33,0097523;52,7;17,88;19;276;undefined;undefined;0,665283203;22,24731445;-2,584838867;undefined;undefined;;undefined;Sat;16 oct. 2019 20:18:15; 20:18:15
247;JTxR78SdpobHap7hzp3AZcynJtU2;#¨NOMBRE?;-71,5495917;-33,0097373;52,7;8,76;19;282;undefined;undefined;-9,820419312;-0,610519409;1,437713623;undefined;undefined;;undefined;Sat;16 oct. 2019 20:18:25; 20:18:25
248;JTxR78SdpobHap7hzp3AZcynJtU2;-Lpst1DE7ujLyVR-3EHj;-71,5495565;-33,0097462;0;6,24;0;66;undefined;undefined;6,606796265;3,6355896;8,766372681;undefined;undefined;undefined;undefined;Sat;16 oct. 2019 20:18:35; 20:18:35
249;JTxR78SdpobHap7hzp3AZcynJtU2;#¨NOMBRE?;-71,5497077;-33,0097274;0;5,4;18;57;Still;100%;-11,4440918;-42,3034668;-62,7532959;undefined;undefined;;undefined;Sat;16 oct. 2019 20:18:45; 20:18:45
250;JTxR78SdpobHap7hzp3AZcynJtU2;#¨NOMBRE?;-71,5501863;-33,0100863;0;3,36;18;57;Still;100%;-1,483154297;-41,81518555;-50,6652832;undefined;undefined;;undefined;Sat;16 oct. 2019 20:18:55; 20:18:55
251;JTxR78SdpobHap7hzp3AZcynJtU2;#¨NOMBRE?;-71,5491382;-33,0096568;0;3,18;18;58;Still;100%;6,992263794;-0,138870239;6,658874512;undefined;undefined;;undefined;Sat;16 oct. 2019 20:19:04; 20:19:04
252;JTxR78SdpobHap7hzp3AZcynJtU2;#¨NOMBRE?;-71,549064;-33,0096807;78,2;0;18;60;In Vehicle;96%;7,885299683;-1,866882324;5,179260254;undefined;undefined;;undefined;Sat;16 oct. 2019 20:19:15; 20:19:15
253;JTxR78SdpobHap7hzp3AZcynJtU2;#¨NOMBRE?;-71,5490252;-33,0096591;78,2;0;32;17;In Vehicle;97%;8,521560669;-0,095169067;7,425018311;undefined;undefined;;undefined;Sat;16 oct. 2019 20:19:25; 20:19:25
254;JTxR78SdpobHap7hzp3AZcynJtU2;#¨NOMBRE?;-71,5490753;-33,0105575;78,2;2,04;32;54;In Vehicle;96%;5,252883911;-0,059860229;9,662399292;undefined;undefined;;undefined;Sat;16 oct. 2019 20:19:34; 20:19:34
255;JTxR78SdpobHap7hzp3AZcynJtU2;#¨NOMBRE?;-71,549781;-33,0138505;78,2;17,1;32;57;In Vehicle;96%;-11,6394043;-9,100341797;-62,4786377;undefined;1,3;;33,6;Sat;16 oct. 2019 20:19:45; 20:19:45
256;JTxR78SdpobHap7hzp3AZcynJtU2;#¨NOMBRE?;-71,5498564;-33,0141831;45,6;1,56;32;70;In Vehicle;95%;-10,76049805;-8,709716797;-56,84661865;undefined;1,2;0,9;33,6;Sat;16 oct. 2019 20:19:55; 20:19:55
257;JTxR78SdpobHap7hzp3AZcynJtU2;#¨NOMBRE?;-71,5506376;-33,0178948;45,6;3,42;19;31;In Vehicle;97%;8,893859863;-1,252166748;4,390960693;undefined;0,7;0,8;33,6;Sat;16 oct. 2019 20:20:04; 20:20:04
258;JTxR78SdpobHap7hzp3AZcynJtU2;#¨NOMBRE?;-71,5510519;-33,0200956;45,6;0,96;19;27;In Vehicle;97%;7,830230713;-0,970245361;6,575073242;undefined;0,7;0,8;33,6;Sat;16 oct. 2019 20:20:15; 20:20:15
259;JTxR78SdpobHap7hzp3AZcynJtU2;#¨NOMBRE?;-71,5515653;-33,0203423;45,6;21,66;18;37;In Vehicle;97%;8,347381592;-1,622665405;4,757873535;undefined;0,9;;33,6;Sat;16 oct. 2019 20:20:25; 20:20:25
260;JTxR78SdpobHap7hzp3AZcynJtU2;#¨NOMBRE?;-71,552276;-33,0200165;45,6;87,66;35;21;In Vehicle;96%;-4,705810547;-15,7409668;-65,0894165;undefined;0,6;;33,6;Sat;16 oct. 2019 20:20:34; 20:20:34
261;JTxR78SdpobHap7hzp3AZcynJtU2;#¨NOMBRE?;-71,5521542;-33,0193145;32;57,18;35;26;In Vehicle;97%;8,207321167;-1,035491943;5,824493408;undefined;0,7;;33,6;Sat;16 oct. 2019 20:20:45; 20:20:45
262;JTxR78SdpobHap7hzp3AZcynJtU2;#¨NOMBRE?;-71,5510764;-33,0194341;20,7;41,52;34;52;In Vehicle;96%;-13,88549805;-8,123779297;-51,62658691;undefined;0,7;0,8;33,6;Sat;16 oct. 2019 20:20:55; 20:20:55
263;JTxR78SdpobHap7hzp3AZcynJtU2;#¨NOMBRE?;-71,55106;-33,0194403;27;2,4;35;50;In Vehicle;96%;-6,365966797;-10,4675293;-60,83068848;undefined;0,6;0,8;33,6;Sat;16 oct. 2019 20:21:05; 20:21:05
264;JTxR78SdpobHap7hzp3AZcynJtU2;#¨NOMBRE?;-71,5481698;-33,0198653;42,1;9,06;19;17;In Vehicle;97%;-13,29956055;-6,756591797;-53,82537842;undefined;0,8;0,9;33,6;Sat;16 oct. 2019 20:21:15; 20:21:15
265;JTxR78SdpobHap7hzp3AZcynJtU2;#¨NOMBRE?;-71,5473788;-33,0216575;42,3;0,18;36;75;In Vehicle;97%;5,313339233;-1,789672852;8,10736084;undefined;0,7;0,8;33,6;Sat;16 oct. 2019 20:21:25; 20:21:25
266;JTxR78SdpobHap7hzp3AZcynJtU2;#¨NOMBRE?;-71,5474302;-33,0219674;42,4;2,34;18;38;In Vehicle;97%;8,247421265;-0,22744751;5,187042236;undefined;0,6;0,8;33,6;Sat;16 oct. 2019 20:21:35; 20:21:35
267;JTxR78SdpobHap7hzp3AZcynJtU2;#¨NOMBRE?;-71,5467115;-33,0232005;44,1;0,06;36;11;In Vehicle;97%;8,072647095;0,849349976;5,418670654;undefined;0,6;0,7;33,6;Sat;16 oct. 2019 20:21:45; 20:21:45
268;JTxR78SdpobHap7hzp3AZcynJtU2;#¨NOMBRE?;-71,5306018;-33,0377104;44,1;0,06;35;43;In Vehicle;97%;-21,69799805;-11,0534668;-44,48394775;undefined;0,6;0,8;33,6;Sat;16 oct. 2019 20:21:54; 20:21:54
269;JTxR78SdpobHap7hzp3AZcynJtU2;#¨NOMBRE?;-71,5306468;-33,0376695;43,9;0;19;47;In Vehicle;97%;-22,47924805;-12,8112793;-42,28515625;undefined;0,6;0,8;33,6;Sat;16 oct. 2019 20:22:05; 20:22:05
270;JTxR78SdpobHap7hzp3AZcynJtU2;#¨NOMBRE?;-71,542492;-33,02852;43,9;0,84;18;45;Still;100%;-21,4050293;-12,8112793;-43,24645996;undefined;0,9;0,8;33,6;Sat;16 oct. 2019 20:22:15; 20:22:15
271;JTxR78SdpobHap7hzp3AZcynJtU2;#¨NOMBRE?;-71,5426091;-33,0284857;46;0,42;19;45;Still;100%;-21,89331055;-13,0065918;-42,55981445;undefined;0,7;0,8;33,6;Sat;16 oct. 2019 20:22:24; 20:22:24
272;JTxR78SdpobHap7hzp3AZcynJtU2;#¨NOMBRE?;-71,5426125;-33,0284765;45,4;25,5;17;13;In Vehicle;96%;8,289321899;0,376495361;6,946182251;undefined;0,9;0,8;33,6;Sat;16 oct. 2019 20:22:35; 20:22:35
273;JTxR78SdpobHap7hzp3AZcynJtU2;#¨NOMBRE?;-71,5430545;-33,0283577;45,4;52,92;19;83;In Vehicle;96%;-22,1862793;-33,41674805;-44,34661865;undefined;0,6;0,8;33,6;Sat;16 oct. 2019 20:22:45; 20:22:45
274;JTxR78SdpobHap7hzp3AZcynJtU2;#¨NOMBRE?;-71,5457498;-33,0270089;45,5;0,06;31;76;In Vehicle;97%;-18,8659668;-38,7878418;-45,99456787;undefined;0,8;0,8;33,6;Sat;16 oct. 2019 20:22:55; 20:22:55
275;JTxR78SdpobHap7hzp3AZcynJtU2;#¨NOMBRE?;-71,545484;-33,0274241;46,2;41,52;31;72;In Vehicle;97%;7,046737671;-1,149810791;6,520614624;undefined;0,8;0,8;33,6;Sat;16 oct. 2019 20:23:05; 20:23:05
276;JTxR78SdpobHap7hzp3AZcynJtU2;#¨NOMBRE?;-71,5453558;-33,0272613;0;29,94;31;34;In Vehicle;97%;-3,045654297;-38,3972168;-61,10534668;undefined;0,8;0,8;33,6;Sat;16 oct. 2019 20:23:14; 20:23:14
277;JTxR78SdpobHap7hzp3AZcynJtU2;#¨NOMBRE?;-71,5458134;-33,0275255;0;9,9;19;175;Still;97%;-9,100341797;-1,776123047;20,21942139;undefined;undefined;;undefined;Sat;16 oct. 2019 20:23:25; 20:23:25
278;JTxR78SdpobHap7hzp3AZcynJtU2;#¨NOMBRE?;-71,545538;-33,0278154;0;0;31;174;Still;97%;-9,197998047;-1,873779297;21,4553833;undefined;undefined;;undefined;Sat;16 oct. 2019 20:23:35; 20:23:35
279;JTxR78SdpobHap7hzp3AZcynJtU2;#¨NOMBRE?;-71,5474171;-33,0259494;46,7;17,58;31;176;Still;97%;5,337280273;-0,972045898;8,092407227;undefined;1,4;;33,6;Sat;16 oct. 2019 20:23:44; 20:23:44
280;JTxR78SdpobHap7hzp3AZcynJtU2;#¨NOMBRE?;-71,5474356;-33,0259258;46,7;8,28;31;173;Still;97%;6,060317993;-1,083969116;7,395095825;undefined;1,4;;33,6;Sat;16 oct. 2019 20:23:55; 20:23:55
281;JTxR78SdpobHap7hzp3AZcynJtU2;#¨NOMBRE?;-71,5474298;-33,025928;0;0,78;0;24;Still;99%;-10,0769043;-9,979248047;-64,12811279;undefined;undefined;undefined;undefined;Sat;16 oct. 2019 20:24:05; 20:24:05
282;JTxR78SdpobHap7hzp3AZcynJtU2;#¨NOMBRE?;-71,5473065;-33,0261002;41,7;21,6;16;22;Still;97%;-9,881591797;-9,490966797;-62,20397949;undefined;1,3;1;33,6;Sat;16 oct. 2019 20:24:15; 20:24:15
283;JTxR78SdpobHap7hzp3AZcynJtU2;-LptOeElt16P9VUqQBX-;-71,5474023;-33,0259445;69,3;32,64;16;20;Still;94%;7,45854187;-0,650619507;6,154296875;undefined;1;0,9;33,6;Sat;16 oct. 2019 20:24:25; 20:24:25
284;JTxR78SdpobHap7hzp3AZcynJtU2;#¨NOMBRE?;-71,5474045;-33,0259342;70,2;18,42;15;20;Still;100%;-10,56518555;-8,026123047;-62,89215088;undefined;1,1;0,9;33,6;Sat;16 oct. 2019 20:24:35; 20:24:35
285;JTxR78SdpobHap7hzp3AZcynJtU2;#¨NOMBRE?;-71,547339;-33,0260293;69,7;63,06;29;19;Still;100%;7,557891846;-0,639251709;6,216537476;undefined;1;0,9;33,6;Sat;16 oct. 2019 20:24:45; 20:24:45
286;JTxR78SdpobHap7hzp3AZcynJtU2;#¨NOMBRE?;-71,5469352;-33,0275557;70,8;53,52;29;25;Still;100%;-9,783935547;-10,2722168;-65,63873291;undefined;0,9;0,9;33,6;Sat;16 oct. 2019 20:24:54; 20:24:54
287;JTxR78SdpobHap7hzp3AZcynJtU2;#¨NOMBRE?;-71,545707;-33,0275227;70,8;21,72;30;45;In Vehicle;97%;5,880157471;-2,183517456;7,587219238;undefined;0,9;;33,6;Sat;16 oct. 2019 20:25:05; 20:25:05
288;JTxR78SdpobHap7hzp3AZcynJtU2;#¨NOMBRE?;-71,5456819;-33,027504;75,7;19,5;29;51;Still;100%;5,566513062;-2,193084717;7,813476563;undefined;0,8;0,9;33,6;Sat;16 oct. 2019 20:25:15; 20:25:15
289;JTxR78SdpobHap7hzp3AZcynJtU2;#¨NOMBRE?;-71,5456356;-33,0275405;58,2;0,24;29;21;In Vehicle;96%;-2,069091797;-33,5144043;-61,65466309;undefined;0,8;0,8;33,6;Sat;16 oct. 2019 20:25:24; 20:25:24
290;JTxR78SdpobHap7hzp3AZcynJtU2;#¨NOMBRE?;-71,545723;-33,0275078;58,2;0;29;12;In Vehicle;96%;7,069473267;2,75692749;7,59022522;undefined;1;0,9;33,6;Sat;16 oct. 2019 20:25:35; 20:25:35
291;JTxR78SdpobHap7hzp3AZcynJtU2;#¨NOMBRE?;-71,5457412;-33,0264083;55,1;0;16;353;In Vehicle;96%;-23,1628418;-17,4987793;-49,01733398;undefined;1;;33,6;Sat;16 oct. 2019 20:25:45; 20:25:45
292;JTxR78SdpobHap7hzp3AZcynJtU2;#¨NOMBRE?;-71,5461919;-33,0261244;55,1;0;29;66;In Vehicle;96%;7,631515503;-2,04045105;4,900924683;undefined;0,9;;33,6;Sat;16 oct. 2019 20:25:55; 20:25:55
293;JTxR78SdpobHap7hzp3AZcynJtU2;#¨NOMBRE?;-71,5461828;-33,0254038;66,9;0;29;48;In Vehicle;96%;-14,08081055;-37,71362305;-50,5279541;undefined;0,9;;33,6;Sat;16 oct. 2019 20:26:05; 20:26:05
294;JTxR78SdpobHap7hzp3AZcynJtU2;#¨NOMBRE?;-71,5461408;-33,0252736;55,4;33,3;30;56;In Vehicle;97%;-2,362060547;-30,1940918;-70,30944824;undefined;0,9;;33,6;Sat;16 oct. 2019 20:26:14; 20:26:14
295;JTxR78SdpobHap7hzp3AZcynJtU2;#¨NOMBRE?;-71,5471892;-33,0246178;55,4;1,26;29;56;In Vehicle;97%;-1,385498047;-31,07299805;-68,66149902;undefined;0,8;0,8;33,6;Sat;16 oct. 2019 20:26:25; 20:26:25
296;JTxR78SdpobHap7hzp3AZcynJtU2;#¨NOMBRE?;-71,5501126;-33,0242416;54;0,24;29;20;In Vehicle;96%;-6,854248047;-8,221435547;-64,26544189;undefined;0,8;0,8;33,6;Sat;16 oct. 2019 20:26:35; 20:26:35
297;JTxR78SdpobHap7hzp3AZcynJtU2;#¨NOMBRE?;-71,5523853;-33,0243845;46,8;0,06;31;41;In Vehicle;97%;7,040145874;-1,36289978;6,35899353;undefined;0,8;0,8;33,6;Sat;16 oct. 2019 20:26:44; 20:26:44
298;JTxR78SdpobHap7hzp3AZcynJtU2;#¨NOMBRE?;-71,552338;-33,0252518;46,8;82,02;17;40;In Vehicle;96%;0,372314453;-27,8503418;-72,23205566;undefined;0,8;;33,6;Sat;16 oct. 2019 20:26:55; 20:26:55
299;JTxR78SdpobHap7hzp3AZcynJtU2;#¨NOMBRE?;-71,5523392;-33,0252511;46,8;48,18;17;60;In Vehicle;96%;7,725494385;-2,641403198;4,576522827;undefined;1;0,9;33,6;Sat;16 oct. 2019 20:27:05; 20:27:05
300;JTxR78SdpobHap7hzp3AZcynJtU2;#¨NOMBRE?;-71,5523391;-33,0252515;46,6;48,6;13;47;In Vehicle;99%;5,267242432;-1,001373291;6,821685791;undefined;1;0,9;33,6;Sat;16 oct. 2019 20:27:15; 20:27:15
301;JTxR78SdpobHap7hzp3AZcynJtU2;#¨NOMBRE?;-71,5523393;-33,0252516;46,6;13,38;16;36;In Vehicle;99%;-7,342529297;-7,440185547;-65,77606201;undefined;0,8;0,8;33,6;Sat;16 oct. 2019 20:27:25; 20:27:25
302;JTxR78SdpobHap7hzp3AZcynJtU2;-LptPUTisiKZ8M5Qk-y-;-71,5523392;-33,0252515;46,6;3,72;15;7;In Vehicle;97%;5,598846436;0,663787842;9,273345947;undefined;0,9;0,8;33,6;Sat;16 oct. 2019 20:27:34; 20:27:34
303;JTxR78SdpobHap7hzp3AZcynJtU2;#¨NOMBRE?;-71,5523384;-33,0252534;46,8;70,32;18;17;In Vehicle;97%;-3,143310547;-10,2722168;-67,56134033;undefined;0,9;0,8;33,6;Sat;16 oct. 2019 20:27:45; 20:27:45
304;JTxR78SdpobHap7hzp3AZcynJtU2;#¨NOMBRE?;-71,5523375;-33,0252558;45,5;38,88;17;42;In Vehicle;97%;3,810379028;-0,9894104;13,32192993;undefined;0,9;0,8;33,6;Sat;16 oct. 2019 20:27:55; 20:27:55
305;JTxR78SdpobHap7hzp3AZcynJtU2;#¨NOMBRE?;-71,552421;-33,025251;45,5;30,54;17;35;In Vehicle;97%;6,634933472;-1,702880859;6,247665405;undefined;0,8;0,8;33,6;Sat;16 oct. 2019 20:28:04; 20:28:04
306;JTxR78SdpobHap7hzp3AZcynJtU2;#¨NOMBRE?;-71,552411;-33,0252645;45,2;1,56;17;35;In Vehicle;97%;6,443389893;-1,94229126;7,42980957;undefined;0,8;0,8;33,6;Sat;16 oct. 2019 20:28:15; 20:28:15
307;JTxR78SdpobHap7hzp3AZcynJtU2;#¨NOMBRE?;-71,5523898;-33,0252717;45,2;0;17;32;In Vehicle;97%;-8,319091797;-6,365966797;-60,55603027;undefined;0,8;0,8;33,6;Sat;16 oct. 2019 20:28:25; 20:28:25
308;JTxR78SdpobHap7hzp3AZcynJtU2;-LptQrOcl-0yi095n0hi;-71,552828;-33,0261374;41,5;0;30;127;In Vehicle;90%;-30,09643555;-11,4440918;-12,61291504;undefined;0,8;;33,6;Sat;16 oct. 2019 20:28:34; 20:28:34
309;JTxR78SdpobHap7hzp3AZcynJtU2;#¨NOMBRE?;-71,5535044;-33,0260668;41,5;0,42;30;328;In Vehicle;90%;17,8527832;-7,049560547;13,62609863;undefined;0,8;;33,6;Sat;16 oct. 2019 20:28:45; 20:28:45
310;JTxR78SdpobHap7hzp3AZcynJtU2;#¨NOMBRE?;-71,5531108;-33,026248;45,7;0,06;30;308;In Vehicle;90%;4,376220703;-21,2097168;-24,28894043;undefined;0,8;;33,6;Sat;16 oct. 2019 20:28:55; 20:28:55
311;JTxR78SdpobHap7hzp3AZcynJtU2;#¨NOMBRE?;-71,5487999;-33,0270652;0;0,24;30;209;Tilting;100%;-17,59643555;9,649658203;9,642028809;undefined;0,8;;33,6;Sat;16 oct. 2019 20:29:04; 20:29:04
312;JTxR78SdpobHap7hzp3AZcynJtU2;#¨NOMBRE?;-71,5436605;-33,0284061;0;0,24;18;196;Tilting;100%;2,589935303;-4,223373413;8,958511353;undefined;0,8;;33,6;Sat;16 oct. 2019 20:29:15; 20:29:15
313;JTxR78SdpobHap7hzp3AZcynJtU2;#¨NOMBRE?;-71,5420062;-33,0288476;0;0,18;18;221;Tilting;100%;-10,57891846;12,11395264;14,33563232;undefined;0,8;;33,6;Sat;16 oct. 2019 20:29:25; 20:29:25
314;JTxR78SdpobHap7hzp3AZcynJtU2;#¨NOMBRE?;-71,5360761;-33,0305443;0;38,22;18;209;Tilting;100%;-10,18829346;8,305358887;16,80908203;undefined;0,8;;33,6;Sat;16 oct. 2019 20:29:35; 20:29:35
315;JTxR78SdpobHap7hzp3AZcynJtU2;#¨NOMBRE?;-71,5339639;-33,0321134;0;96,24;18;203;Tilting;100%;3,597885132;2,202667236;9,2787323;undefined;0,8;;33,6;Sat;16 oct. 2019 20:29:45; 20:29:45
316;JTxR78SdpobHap7hzp3AZcynJtU2;#¨NOMBRE?;-71,5321692;-33,0357569;0;0,54;18;206;Tilting;100%;-10,4675293;10,89324951;16,98913574;undefined;0,8;;33,6;Sat;16 oct. 2019 20:29:54; 20:29:54
317;JTxR78SdpobHap7hzp3AZcynJtU2;#¨NOMBRE?;-71,530371;-33,0369847;0;55,38;18;202;Tilting;100%;-14,08081055;9,526062012;15,47851563;undefined;0,8;;33,6;Sat;16 oct. 2019 20:30:05; 20:30:05
318;JTxR78SdpobHap7hzp3AZcynJtU2;#¨NOMBRE?;-71,5307154;-33,0376078;0;0,24;18;204;Tilting;100%;4,684249878;1,421554565;8,180389404;undefined;0,8;;33,6;Sat;16 oct. 2019 20:30:15; 20:30:15
319;JTxR78SdpobHap7hzp3AZcynJtU2;#¨NOMBRE?;-71,5306625;-33,0376753;69,1;103,5;30;127;Tilting;100%;11,50512695;-19,18487549;11,3571167;undefined;0,8;;33,6;Sat;16 oct. 2019 20:30:24; 20:30:24
320;JTxR78SdpobHap7hzp3AZcynJtU2;#¨NOMBRE?;-71,5306958;-33,0376419;0;0,42;0;66;undefined;undefined;-26,12915039;-27,41241455;-42,64373779;undefined;undefined;undefined;undefined;Sat;16 oct. 2019 20:30:35; 20:30:35
321;JTxR78SdpobHap7hzp3AZcynJtU2;#¨NOMBRE?;-71,5306953;-33,0376422;0;30,6;18;63;undefined;undefined;-27,20336914;-24,3850708;-43,0557251;undefined;undefined;;undefined;Sat;16 oct. 2019 20:30:45; 20:30:45
322;JTxR78SdpobHap7hzp3AZcynJtU2;#¨NOMBRE?;-71,530693;-33,0376431;0;0,24;18;28;In Vehicle;96%;7,811080933;-0,914581299;5,869384766;undefined;undefined;;undefined;Sat;16 oct. 2019 20:30:54; 20:30:54
323;JTxR78SdpobHap7hzp3AZcynJtU2;#¨NOMBRE?;-71,5302137;-33,037001;45,2;39,48;26;46;In Vehicle;97%;8,048110962;-1,486801147;8,532928467;undefined;1,1;;33,6;Sat;16 oct. 2019 20:31:05; 20:31:05
324;JTxR78SdpobHap7hzp3AZcynJtU2;#¨NOMBRE?;-71,5296581;-33,0385248;40,6;0,54;26;41;In Vehicle;97%;8,265380859;-1,215057373;4,316741943;undefined;1,3;0,8;33,6;Sat;16 oct. 2019 20:31:15; 20:31:15
325;JTxR78SdpobHap7hzp3AZcynJtU2;#¨NOMBRE?;-71,5294454;-33,0359912;45,7;30,72;26;67;In Vehicle;97%;-14,89868164;-42,25616455;-45,80383301;undefined;1,3;;33,6;Sat;16 oct. 2019 20:31:25; 20:31:25
326;JTxR78SdpobHap7hzp3AZcynJtU2;#¨NOMBRE?;-71,5320037;-33,0354382;41,5;0,36;14;61;In Vehicle;96%;-15,38696289;-36,1038208;-45,94116211;undefined;1,1;0,9;33,6;Sat;16 oct. 2019 20:31:35; 20:31:35
327;JTxR78SdpobHap7hzp3AZcynJtU2;#¨NOMBRE?;-71,5305333;-33,0368056;49,5;64,08;17;71;In Vehicle;98%;7,028778076;-0,936126709;6,637924194;undefined;0,8;0,8;33,6;Sat;16 oct. 2019 20:31:44; 20:31:44
328;JTxR78SdpobHap7hzp3AZcynJtU2;#¨NOMBRE?;-71,5307414;-33,0376493;49,5;10,08;26;71;Still;96%;7,304702759;-0,990600586;6,357208252;undefined;0,8;;33,6;Sat;16 oct. 2019 20:31:55; 20:31:55
329;JTxR78SdpobHap7hzp3AZcynJtU2;#¨NOMBRE?;-71,5307424;-33,0376101;49,5;0,66;26;75;Still;100%;-14,41040039;-45,38116455;-41,81976318;undefined;0,8;;33,6;Sat;16 oct. 2019 20:32:05; 20:32:05
330;JTxR78SdpobHap7hzp3AZcynJtU2;#¨NOMBRE?;-71,5306887;-33,0376532;41,7;0,42;26;74;In Vehicle;96%;-16,46118164;-44,1116333;-47,45178223;undefined;0,8;0,7;33,6;Sat;16 oct. 2019 20:32:14; 20:32:14
331;JTxR78SdpobHap7hzp3AZcynJtU2;#¨NOMBRE?;-71,5306887;-33,0376534;41,3;13,56;27;60;In Vehicle;96%;8,029556274;-0,435150146;4,808761597;undefined;0,9;;33,6;Sat;16 oct. 2019 20:32:25; 20:32:25
332;JTxR78SdpobHap7hzp3AZcynJtU2;#¨NOMBRE?;-71,5306886;-33,0376533;40,4;55,38;18;66;In Vehicle;97%;-15,48461914;-41,3772583;-43,0557251;undefined;1;0,8;33,6;Sat;16 oct. 2019 20:32:35; 20:32:35
333;JTxR78SdpobHap7hzp3AZcynJtU2;-LptqLSe9-KWPY5ZdpG-;-71,5306886;-33,0376532;40,4;1,8;27;72;In Vehicle;97%;-16,26586914;-41,86553955;-42,50640869;undefined;0,8;0,7;33,6;Sat;16 oct. 2019 20:32:45; 20:32:45
334;JTxR78SdpobHap7hzp3AZcynJtU2;#¨NOMBRE?;-71,5306883;-33,0376533;39,9;9,42;27;76;In Vehicle;97%;7,029373169;-1,323394775;7,274780273;undefined;0,8;;33,6;Sat;16 oct. 2019 20:32:55; 20:32:55
335;JTxR78SdpobHap7hzp3AZcynJtU2;#¨NOMBRE?;-71,5306881;-33,0376533;40,5;0,9;27;71;In Vehicle;97%;7,152679443;-0,839767456;6,21534729;undefined;0,8;0,8;33,6;Sat;16 oct. 2019 20:33:05; 20:33:05
336;JTxR78SdpobHap7hzp3AZcynJtU2;#¨NOMBRE?;-71,5306706;-33,0376225;40,5;28,56;26;72;In Vehicle;97%;7,331039429;-1,459259033;5,489898682;undefined;1;0,8;33,6;Sat;16 oct. 2019 20:33:15; 20:33:15
337;JTxR78SdpobHap7hzp3AZcynJtU2;#¨NOMBRE?;-71,5306687;-33,0376298;40,5;1,2;15;64;In Vehicle;97%;-13,62915039;-42,7444458;-43,1930542;undefined;1;0,8;33,6;Sat;16 oct. 2019 20:33:25; 20:33:25
338;JTxR78SdpobHap7hzp3AZcynJtU2;#¨NOMBRE?;-71,5306709;-33,0376331;67,9;11,82;16;68;In Vehicle;97%;7,229293823;-0,797866821;5,980712891;undefined;0,9;0,8;33,6;Sat;16 oct. 2019 20:33:35; 20:33:35
339;JTxR78SdpobHap7hzp3AZcynJtU2;#¨NOMBRE?;-71,5299169;-33,037407;67,9;0,96;27;67;Still;96%;7,207748413;-0,852340698;6,065704346;undefined;0,8;0,8;33,6;Sat;16 oct. 2019 20:33:45; 20:33:45
340;JTxR78SdpobHap7hzp3AZcynJtU2;#¨NOMBRE?;-71,5296471;-33,0385362;54,7;10,08;27;63;In Vehicle;96%;-15,09399414;-41,9631958;-43,3303833;undefined;0,8;;33,6;Sat;16 oct. 2019 20:33:55; 20:33:55
341;JTxR78SdpobHap7hzp3AZcynJtU2;#¨NOMBRE?;-71,5287303;-33,0363233;50,9;38,16;27;66;In Vehicle;97%;-13,92211914;-40,5960083;-42,50640869;undefined;0,9;;33,6;Sat;16 oct. 2019 20:34:05; 20:34:05
342;JTxR78SdpobHap7hzp3AZcynJtU2;#¨NOMBRE?;-71,5296812;-33,0350278;50,9;67,86;18;86;In Vehicle;97%;5,615005493;-1,487991333;7,247253418;undefined;0,9;;33,6;Sat;16 oct. 2019 20:34:15; 20:34:15
343;JTxR78SdpobHap7hzp3AZcynJtU2;#¨NOMBRE?;-71,5300939;-33,0348704;47,3;1,02;18;76;In Vehicle;97%;-19,29321289;-38,0569458;-39,07318115;undefined;0,8;0,7;33,6;Sat;16 oct. 2019 20:34:24; 20:34:24
344;JTxR78SdpobHap7hzp3AZcynJtU2;#¨NOMBRE?;-71,5318847;-33,0340095;47,3;54,12;17;72;In Vehicle;96%;-19,78149414;-34,05303955;-36,18774414;undefined;0,8;0,8;33,6;Sat;16 oct. 2019 20:34:35; 20:34:35
345;JTxR78SdpobHap7hzp3AZcynJtU2;#¨NOMBRE?;-71,5318865;-33,0340333;47,3;0,48;18;80;In Vehicle;96%;-20,07446289;-31,4163208;-29,73175049;undefined;0,8;0,7;33,6;Sat;16 oct. 2019 20:34:45; 20:34:45
346;JTxR78SdpobHap7hzp3AZcynJtU2;#¨NOMBRE?;-71,5322957;-33,0337187;51,8;22,98;15;78;In Vehicle;96%;-19,29321289;-34,44366455;-36,59973145;undefined;1;0,8;33,6;Sat;16 oct. 2019 20:34:55; 20:34:55
347;JTxR78SdpobHap7hzp3AZcynJtU2;#¨NOMBRE?;-71,536287;-33,0302525;51,8;0,54;28;55;In Vehicle;97%;-18,90258789;-16,7678833;-35,77575684;undefined;0,9;0,8;33,6;Sat;16 oct. 2019 20:35:05; 20:35:05
348;JTxR78SdpobHap7hzp3AZcynJtU2;#¨NOMBRE?;-71,5412511;-33,028891;47,9;1,08;17;58;In Vehicle;95%;-20,07446289;-16,27960205;-35,77575684;undefined;0,9;0,8;33,6;Sat;16 oct. 2019 20:35:14; 20:35:14
349;JTxR78SdpobHap7hzp3AZcynJtU2;#¨NOMBRE?;-71,5448386;-33,0279382;47,9;63,3;19;82;In Vehicle;94%;-12,06665039;-42,9397583;-47,31445313;undefined;1;0,9;33,6;Sat;16 oct. 2019 20:35:24; 20:35:24
350;JTxR78SdpobHap7hzp3AZcynJtU2;#¨NOMBRE?;-71,5468772;-33,0273836;47,9;71,7;18;30;In Vehicle;94%;-15,77758789;-37,56866455;-38,24768066;undefined;0,9;0,8;33,6;Sat;16 oct. 2019 20:35:34; 20:35:34
351;JTxR78SdpobHap7hzp3AZcynJtU2;#¨NOMBRE?;-71,5506886;-33,0261327;47,9;0;19;18;In Vehicle;96%;-19,87915039;-15,4006958;-34,95178223;undefined;0,8;0,8;33,6;Sat;16 oct. 2019 20:35:44; 20:35:44
352;JTxR78SdpobHap7hzp3AZcynJtU2;#¨NOMBRE?;-71,5518897;-33,0252736;47,9;86,4;19;67;In Vehicle;96%;6,880935669;0,121505737;6,298553467;undefined;0,8;0,8;33,6;Sat;16 oct. 2019 20:35:54; 20:35:54
353;JTxR78SdpobHap7hzp3AZcynJtU2;#¨NOMBRE?;-71,5512102;-33,0240839;27,2;0;29;48;In Vehicle;96%;7,372344971;-0,460281372;5,347442627;undefined;0,9;0,9;33,6;Sat;16 oct. 2019 20:36:04; 20:36:04
354;JTxR78SdpobHap7hzp3AZcynJtU2;#¨NOMBRE?;-71,5515043;-33,0226731;43,6;0;28;43;In Vehicle;97%;8,12890625;-0,794281006;5,216369629;undefined;0,8;0,8;33,6;Sat;16 oct. 2019 20:36:14; 20:36:14
355;JTxR78SdpobHap7hzp3AZcynJtU2;#¨NOMBRE?;-71,5515025;-33,0226647;58,8;0,12;28;59;In Vehicle;97%;8,179794312;-2,919723511;4,072540283;undefined;0,9;0,8;33,6;Sat;16 oct. 2019 20:36:24; 20:36:24
356;JTxR78SdpobHap7hzp3AZcynJtU2;#¨NOMBRE?;-71,5511311;-33,0205987;88,5;2,76;18;52;In Vehicle;97%;7,031768799;-2,853286743;6,304534912;undefined;1;0,9;33,6;Sat;16 oct. 2019 20:36:34; 20:36:34
357;JTxR78SdpobHap7hzp3AZcynJtU2;#¨NOMBRE?;-71,5521149;-33,0203717;85,4;0,72;17;30;In Vehicle;96%;7,579437256;-0,957077026;5,864593506;undefined;1;0,9;33,6;Sat;16 oct. 2019 20:36:44; 20:36:44
358;JTxR78SdpobHap7hzp3AZcynJtU2;#¨NOMBRE?;-71,5529156;-33,0198889;66,4;7,62;28;31;In Vehicle;94%;6,983291626;-1,159988403;6,582855225;undefined;1;;33,6;Sat;16 oct. 2019 20:36:53; 20:36:53
359;JTxR78SdpobHap7hzp3AZcynJtU2;#¨NOMBRE?;-71,5529072;-33,0198621;66,4;45;29;19;Still;100%;6,970718384;-0,472259521;6,948577881;undefined;1,1;;33,6;Sat;16 oct. 2019 20:37:04; 20:37:04
