[
  {
    "eventType": "DELAYED_MESSAGE_POSTED",
    "timestamp": 1547731084671,
    "actionCode": -1,
    "delayTime": 7000,
    "canScrollTo": false,
    "elementDescriptors": []
  },
  {
    "eventType": "VIEW_TEXT_CHANGED",
    "timestamp": 1547731101334,
    "replacementText": "test@test.com",
    "actionCode": -1,
    "delayTime": 0,
    "canScrollTo": true,
    "elementDescriptors": [
      {
        "className": "android.support.v7.widget.AppCompatEditText",
        "recyclerViewChildPosition": -1,
        "adapterViewChildPosition": -1,
        "groupViewChildPosition": 3,
        "resourceId": "com.example.neomi.protitulo:id/etEmail",
        "contentDescription": "",
        "text": ""
      },
      {
        "className": "android.widget.LinearLayout",
        "recyclerViewChildPosition": -1,
        "adapterViewChildPosition": -1,
        "groupViewChildPosition": 0,
        "resourceId": "",
        "contentDescription": "",
        "text": ""
      },
      {
        "className": "android.widget.ScrollView",
        "recyclerViewChildPosition": -1,
        "adapterViewChildPosition": -1,
        "groupViewChildPosition": 0,
        "resourceId": "",
        "contentDescription": "",
        "text": ""
      }
    ]
  },
  {
    "eventType": "VIEW_TEXT_CHANGED",
    "timestamp": 1547731121945,
    "replacementText": "5004603",
    "actionCode": -1,
    "delayTime": 0,
    "canScrollTo": true,
    "elementDescriptors": [
      {
        "className": "android.support.v7.widget.AppCompatEditText",
        "recyclerViewChildPosition": -1,
        "adapterViewChildPosition": -1,
        "groupViewChildPosition": 4,
        "resourceId": "com.example.neomi.protitulo:id/etPassword",
        "contentDescription": "",
        "text": ""
      },
      {
        "className": "android.widget.LinearLayout",
        "recyclerViewChildPosition": -1,
        "adapterViewChildPosition": -1,
        "groupViewChildPosition": 0,
        "resourceId": "",
        "contentDescription": "",
        "text": ""
      },
      {
        "className": "android.widget.ScrollView",
        "recyclerViewChildPosition": -1,
        "adapterViewChildPosition": -1,
        "groupViewChildPosition": 0,
        "resourceId": "",
        "contentDescription": "",
        "text": ""
      }
    ]
  },
  {
    "eventType": "VIEW_CLICKED",
    "timestamp": 1547731131530,
    "replacementText": "Ingresar",
    "actionCode": -1,
    "delayTime": 0,
    "canScrollTo": true,
    "elementDescriptors": [
      {
        "className": "android.support.v7.widget.AppCompatButton",
        "recyclerViewChildPosition": -1,
        "adapterViewChildPosition": -1,
        "groupViewChildPosition": 5,
        "resourceId": "com.example.neomi.protitulo:id/btnIngresar",
        "contentDescription": "",
        "text": "Ingresar"
      },
      {
        "className": "android.widget.LinearLayout",
        "recyclerViewChildPosition": -1,
        "adapterViewChildPosition": -1,
        "groupViewChildPosition": 0,
        "resourceId": "",
        "contentDescription": "",
        "text": ""
      },
      {
        "className": "android.widget.ScrollView",
        "recyclerViewChildPosition": -1,
        "adapterViewChildPosition": -1,
        "groupViewChildPosition": 0,
        "resourceId": "",
        "contentDescription": "",
        "text": ""
      }
    ]
  },
  {
    "eventType": "DELAYED_MESSAGE_POSTED",
    "timestamp": 1547731133996,
    "actionCode": -1,
    "delayTime": 7000,
    "canScrollTo": false,
    "elementDescriptors": []
  },
  {
    "eventType": "PERMISSIONS_REQUEST",
    "timestamp": 1547731134093,
    "actionCode": -1,
    "delayTime": 0,
    "requestedPermissions": [
      "android.permission.ACCESS_FINE_LOCATION",
      "android.permission.ACCESS_COARSE_LOCATION"
    ],
    "canScrollTo": false,
    "elementDescriptors": []
  },
  {
    "eventType": "DELAYED_MESSAGE_POSTED",
    "timestamp": 1547731134128,
    "actionCode": -1,
    "delayTime": 7000,
    "canScrollTo": false,
    "elementDescriptors": []
  }
]