[
  {
    "eventType": "DELAYED_MESSAGE_POSTED",
    "timestamp": 1547730956434,
    "actionCode": -1,
    "delayTime": 7000,
    "canScrollTo": false,
    "elementDescriptors": []
  },
  {
    "eventType": "VIEW_CLICKED",
    "timestamp": 1547730962471,
    "replacementText": "Registrarse",
    "actionCode": -1,
    "delayTime": 0,
    "canScrollTo": true,
    "elementDescriptors": [
      {
        "className": "android.support.v7.widget.AppCompatTextView",
        "recyclerViewChildPosition": -1,
        "adapterViewChildPosition": -1,
        "groupViewChildPosition": 6,
        "resourceId": "com.example.neomi.protitulo:id/tvRegistrarse",
        "contentDescription": "",
        "text": "Registrarse"
      },
      {
        "className": "android.widget.LinearLayout",
        "recyclerViewChildPosition": -1,
        "adapterViewChildPosition": -1,
        "groupViewChildPosition": 0,
        "resourceId": "",
        "contentDescription": "",
        "text": ""
      },
      {
        "className": "android.widget.ScrollView",
        "recyclerViewChildPosition": -1,
        "adapterViewChildPosition": -1,
        "groupViewChildPosition": 0,
        "resourceId": "",
        "contentDescription": "",
        "text": ""
      }
    ]
  },
  {
    "eventType": "DELAYED_MESSAGE_POSTED",
    "timestamp": 1547730963548,
    "actionCode": -1,
    "delayTime": 7000,
    "canScrollTo": false,
    "elementDescriptors": []
  },
  {
    "eventType": "VIEW_TEXT_CHANGED",
    "timestamp": 1547730968503,
    "replacementText": "te",
    "actionCode": -1,
    "delayTime": 0,
    "canScrollTo": true,
    "elementDescriptors": [
      {
        "className": "android.support.v7.widget.AppCompatEditText",
        "recyclerViewChildPosition": -1,
        "adapterViewChildPosition": -1,
        "groupViewChildPosition": 1,
        "resourceId": "com.example.neomi.protitulo:id/etRegEmail",
        "contentDescription": "",
        "text": ""
      },
      {
        "className": "android.widget.LinearLayout",
        "recyclerViewChildPosition": -1,
        "adapterViewChildPosition": -1,
        "groupViewChildPosition": 0,
        "resourceId": "",
        "contentDescription": "",
        "text": ""
      },
      {
        "className": "android.widget.ScrollView",
        "recyclerViewChildPosition": -1,
        "adapterViewChildPosition": -1,
        "groupViewChildPosition": 0,
        "resourceId": "",
        "contentDescription": "",
        "text": ""
      }
    ]
  },
  {
    "eventType": "DELAYED_MESSAGE_POSTED",
    "timestamp": 1547730970700,
    "actionCode": -1,
    "delayTime": 7000,
    "canScrollTo": false,
    "elementDescriptors": []
  },
  {
    "eventType": "VIEW_TEXT_CHANGED",
    "timestamp": 1547730970774,
    "replacementText": "tes",
    "actionCode": -1,
    "delayTime": 0,
    "canScrollTo": true,
    "elementDescriptors": [
      {
        "className": "android.support.v7.widget.AppCompatEditText",
        "recyclerViewChildPosition": -1,
        "adapterViewChildPosition": -1,
        "groupViewChildPosition": 1,
        "resourceId": "com.example.neomi.protitulo:id/etRegEmail",
        "contentDescription": "",
        "text": "te"
      },
      {
        "className": "android.widget.LinearLayout",
        "recyclerViewChildPosition": -1,
        "adapterViewChildPosition": -1,
        "groupViewChildPosition": 0,
        "resourceId": "",
        "contentDescription": "",
        "text": ""
      },
      {
        "className": "android.widget.ScrollView",
        "recyclerViewChildPosition": -1,
        "adapterViewChildPosition": -1,
        "groupViewChildPosition": 0,
        "resourceId": "",
        "contentDescription": "",
        "text": ""
      }
    ]
  },
  {
    "eventType": "DELAYED_MESSAGE_POSTED",
    "timestamp": 1547730971813,
    "actionCode": -1,
    "delayTime": 7000,
    "canScrollTo": false,
    "elementDescriptors": []
  },
  {
    "eventType": "VIEW_TEXT_CHANGED",
    "timestamp": 1547730971879,
    "replacementText": "test",
    "actionCode": -1,
    "delayTime": 0,
    "canScrollTo": true,
    "elementDescriptors": [
      {
        "className": "android.support.v7.widget.AppCompatEditText",
        "recyclerViewChildPosition": -1,
        "adapterViewChildPosition": -1,
        "groupViewChildPosition": 1,
        "resourceId": "com.example.neomi.protitulo:id/etRegEmail",
        "contentDescription": "",
        "text": "tes"
      },
      {
        "className": "android.widget.LinearLayout",
        "recyclerViewChildPosition": -1,
        "adapterViewChildPosition": -1,
        "groupViewChildPosition": 0,
        "resourceId": "",
        "contentDescription": "",
        "text": ""
      },
      {
        "className": "android.widget.ScrollView",
        "recyclerViewChildPosition": -1,
        "adapterViewChildPosition": -1,
        "groupViewChildPosition": 0,
        "resourceId": "",
        "contentDescription": "",
        "text": ""
      }
    ]
  },
  {
    "eventType": "DELAYED_MESSAGE_POSTED",
    "timestamp": 1547730973050,
    "actionCode": -1,
    "delayTime": 5000,
    "canScrollTo": false,
    "elementDescriptors": []
  },
  {
    "eventType": "VIEW_TEXT_CHANGED",
    "timestamp": 1547730975463,
    "replacementText": "test@test.com",
    "actionCode": -1,
    "delayTime": 0,
    "canScrollTo": true,
    "elementDescriptors": [
      {
        "className": "android.support.v7.widget.AppCompatEditText",
        "recyclerViewChildPosition": -1,
        "adapterViewChildPosition": -1,
        "groupViewChildPosition": 1,
        "resourceId": "com.example.neomi.protitulo:id/etRegEmail",
        "contentDescription": "",
        "text": "test"
      },
      {
        "className": "android.widget.LinearLayout",
        "recyclerViewChildPosition": -1,
        "adapterViewChildPosition": -1,
        "groupViewChildPosition": 0,
        "resourceId": "",
        "contentDescription": "",
        "text": ""
      },
      {
        "className": "android.widget.ScrollView",
        "recyclerViewChildPosition": -1,
        "adapterViewChildPosition": -1,
        "groupViewChildPosition": 0,
        "resourceId": "",
        "contentDescription": "",
        "text": ""
      }
    ]
  },
  {
    "eventType": "VIEW_TEXT_CHANGED",
    "timestamp": 1547730987905,
    "replacementText": "5004603",
    "actionCode": -1,
    "delayTime": 0,
    "canScrollTo": true,
    "elementDescriptors": [
      {
        "className": "android.support.v7.widget.AppCompatEditText",
        "recyclerViewChildPosition": -1,
        "adapterViewChildPosition": -1,
        "groupViewChildPosition": 3,
        "resourceId": "com.example.neomi.protitulo:id/etRegPassword",
        "contentDescription": "",
        "text": ""
      },
      {
        "className": "android.widget.LinearLayout",
        "recyclerViewChildPosition": -1,
        "adapterViewChildPosition": -1,
        "groupViewChildPosition": 0,
        "resourceId": "",
        "contentDescription": "",
        "text": ""
      },
      {
        "className": "android.widget.ScrollView",
        "recyclerViewChildPosition": -1,
        "adapterViewChildPosition": -1,
        "groupViewChildPosition": 0,
        "resourceId": "",
        "contentDescription": "",
        "text": ""
      }
    ]
  },
  {
    "eventType": "VIEW_CLICKED",
    "timestamp": 1547730996859,
    "replacementText": "registrar",
    "actionCode": -1,
    "delayTime": 0,
    "canScrollTo": true,
    "elementDescriptors": [
      {
        "className": "android.support.v7.widget.AppCompatButton",
        "recyclerViewChildPosition": -1,
        "adapterViewChildPosition": -1,
        "groupViewChildPosition": 4,
        "resourceId": "com.example.neomi.protitulo:id/btnRegistrar",
        "contentDescription": "",
        "text": "registrar"
      },
      {
        "className": "android.widget.LinearLayout",
        "recyclerViewChildPosition": -1,
        "adapterViewChildPosition": -1,
        "groupViewChildPosition": 0,
        "resourceId": "",
        "contentDescription": "",
        "text": ""
      },
      {
        "className": "android.widget.ScrollView",
        "recyclerViewChildPosition": -1,
        "adapterViewChildPosition": -1,
        "groupViewChildPosition": 0,
        "resourceId": "",
        "contentDescription": "",
        "text": ""
      }
    ]
  },
  {
    "eventType": "DELAYED_MESSAGE_POSTED",
    "timestamp": 1547730999352,
    "actionCode": -1,
    "delayTime": 7000,
    "canScrollTo": false,
    "elementDescriptors": []
  },
  {
    "eventType": "PERMISSIONS_REQUEST",
    "timestamp": 1547731000316,
    "actionCode": -1,
    "delayTime": 0,
    "requestedPermissions": [
      "android.permission.ACCESS_FINE_LOCATION",
      "android.permission.ACCESS_COARSE_LOCATION"
    ],
    "canScrollTo": false,
    "elementDescriptors": []
  },
  {
    "eventType": "DELAYED_MESSAGE_POSTED",
    "timestamp": 1547731000456,
    "actionCode": -1,
    "delayTime": 7000,
    "canScrollTo": false,
    "elementDescriptors": []
  }
]